Type,Relateret produkt nummer,Varenummer,Produktnavn,Indskriv varianter adskilt med komma,Farve,Str.,Smagsvariant,Kort beskrivelse,Lang beskrivelse,vægt,Pris,Special pris,kategori
config,,2015-kildemoes-logic-flow-7gear-herre-config,2015 Kildemoes Logic Flow 7 Gear,,,,,Smart sportscykel med indvendige gear og rullebremser,"Logic Flow har kendetegn fra racercyklens kortere og stejlere stelgeometri, giver følelsen af en levende og hurtigt cykel. Alu stel, 7 Shimano Nexus gear, IM31 Rullebremse for og bag, X3 dæk 700x28c.",10kg,"5,499.00",,"HERRE, Sportscykler"
simple,2015-kildemoes-logic-flow-7gear-herre-config,YKK3275501,2015 Kildemoes Logic Flow 7 Gear,"str, farve",Soft Black,55,,Smart sportscykel med indvendige gear og rullebremser,"Logic Flow har kendetegn fra racercyklens kortere og stejlere stelgeometri, giver følelsen af en levende og hurtigt cykel. Alu stel, 7 Shimano Nexus gear, IM31 Rullebremse for og bag, X3 dæk 700x28c.",10kg,"5,499.00",,
simple,2015-kildemoes-logic-flow-7gear-herre-config,YKK3275901,2015 Kildemoes Logic Flow 7 Gear,"str, farve",Soft Black,59,,Smart sportscykel med indvendige gear og rullebremser,"Logic Flow har kendetegn fra racercyklens kortere og stejlere stelgeometri, giver følelsen af en levende og hurtigt cykel. Alu stel, 7 Shimano Nexus gear, IM31 Rullebremse for og bag, X3 dæk 700x28c.",10kg,"5,499.00",,
simple,2015-kildemoes-logic-flow-7gear-herre-config,YKK3276201,2015 Kildemoes Logic Flow 7 Gear,"str, farve",Soft Black,62,,Smart sportscykel med indvendige gear og rullebremser,"Logic Flow har kendetegn fra racercyklens kortere og stejlere stelgeometri, giver følelsen af en levende og hurtigt cykel. Alu stel, 7 Shimano Nexus gear, IM31 Rullebremse for og bag, X3 dæk 700x28c.",10kg,"5,499.00",,
simple,2015-kildemoes-logic-flow-7gear-herre-config,YKK3275502,2015 Kildemoes Logic Flow 7 Gear,"str, farve",Platinum Matt,55,,Smart sportscykel med indvendige gear og rullebremser,"Logic Flow har kendetegn fra racercyklens kortere og stejlere stelgeometri, giver følelsen af en levende og hurtigt cykel. Alu stel, 7 Shimano Nexus gear, IM31 Rullebremse for og bag, X3 dæk 700x28c.",10kg,"5,499.00",,
simple,2015-kildemoes-logic-flow-7gear-herre-config,YKK3275902,2015 Kildemoes Logic Flow 7 Gear,"str, farve",Platinum Matt,59,,Smart sportscykel med indvendige gear og rullebremser,"Logic Flow har kendetegn fra racercyklens kortere og stejlere stelgeometri, giver følelsen af en levende og hurtigt cykel. Alu stel, 7 Shimano Nexus gear, IM31 Rullebremse for og bag, X3 dæk 700x28c.",10kg,"5,499.00",,
config,,2015-kildemoes-logic-flow-7gear-dame-config,2015 Kildemoes Logic Flow 7 Gear,,,,,Smart sportscykel med indvendige gear og rullebremser,"Logic Flow har kendetegn fra racercyklens kortere og stejlere stelgeometri, giver følelsen af en levende og hurtigt cykel. Alu stel, 7 Shimano Nexus gear, IM31 Rullebremse for og bag, X3 dæk 700x28c.",10kg,"5,499.00",,"DAME, Sportscykler"
simple,2015-kildemoes-logic-flow-7gear-dame-config,YKK3374701,2015 Kildemoes Logic Flow 7 Gear,"str, farve",Soft Black,47,,Smart sportscykel med indvendige gear og rullebremser,"Logic Flow har kendetegn fra racercyklens kortere og stejlere stelgeometri, giver følelsen af en levende og hurtigt cykel. Alu stel, 7 Shimano Nexus gear, IM31 Rullebremse for og bag, X3 dæk 700x28c.",10kg,"5,499.00",,
simple,2015-kildemoes-logic-flow-7gear-dame-config,YKK3375101,2015 Kildemoes Logic Flow 7 Gear,"str, farve",Soft Black,51,,Smart sportscykel med indvendige gear og rullebremser,"Logic Flow har kendetegn fra racercyklens kortere og stejlere stelgeometri, giver følelsen af en levende og hurtigt cykel. Alu stel, 7 Shimano Nexus gear, IM31 Rullebremse for og bag, X3 dæk 700x28c.",10kg,"5,499.00",,
simple,2015-kildemoes-logic-flow-7gear-dame-config,YKK3375501,2015 Kildemoes Logic Flow 7 Gear,"str, farve",Soft Black,55,,Smart sportscykel med indvendige gear og rullebremser,"Logic Flow har kendetegn fra racercyklens kortere og stejlere stelgeometri, giver følelsen af en levende og hurtigt cykel. Alu stel, 7 Shimano Nexus gear, IM31 Rullebremse for og bag, X3 dæk 700x28c.",10kg,"5,499.00",,
simple,2015-kildemoes-logic-flow-7gear-dame-config,YKK3375102,2015 Kildemoes Logic Flow 7 Gear,"str, farve",Blue Grass Matt,51,,Smart sportscykel med indvendige gear og rullebremser,"Logic Flow har kendetegn fra racercyklens kortere og stejlere stelgeometri, giver følelsen af en levende og hurtigt cykel. Alu stel, 7 Shimano Nexus gear, IM31 Rullebremse for og bag, X3 dæk 700x28c.",10kg,"5,499.00",,
simple,2015-kildemoes-logic-flow-7gear-dame-config,YKK3375502,2015 Kildemoes Logic Flow 7 Gear,"str, farve",Blue Grass Matt,55,,Smart sportscykel med indvendige gear og rullebremser,"Logic Flow har kendetegn fra racercyklens kortere og stejlere stelgeometri, giver følelsen af en levende og hurtigt cykel. Alu stel, 7 Shimano Nexus gear, IM31 Rullebremse for og bag, X3 dæk 700x28c.",10kg,"5,499.00",,
config,,2015-kildemoes-logic-sport-7gear-herre-config,2015 Kildemoes Logic Sport 7 Gear,,,,,Smart sportscykel med indvendige gear og rullebremser,"Logic Sport har kendetegn fra racercyklens kortere og stejlere stelgeometri, giver følelsen af en levende og hurtigt cykel. Alu stel, 7 Shimano Nexus gear, IM35 Rullebremse for og bag, X3 dæk 700x28c, Indfarvet skærme.",10kg,"5,999.00",,"HERRE, Sportscykler"
simple,2015-kildemoes-logic-sport-7gear-herre-config,YKK3475101,2015 Kildemoes Logic Sport 7 Gear,"str, farve",Crystal Black Matt,51,,Smart sportscykel med indvendige gear og rullebremser,"Logic Sport har kendetegn fra racercyklens kortere og stejlere stelgeometri, giver følelsen af en levende og hurtigt cykel. Alu stel, 7 Shimano Nexus gear, IM35 Rullebremse for og bag, X3 dæk 700x28c, Indfarvet skærme.",10kg,"5,999.00",,
simple,2015-kildemoes-logic-sport-7gear-herre-config,YKK3475501,2015 Kildemoes Logic Sport 7 Gear,"str, farve",Crystal Black Matt,55,,Smart sportscykel med indvendige gear og rullebremser,"Logic Sport har kendetegn fra racercyklens kortere og stejlere stelgeometri, giver følelsen af en levende og hurtigt cykel. Alu stel, 7 Shimano Nexus gear, IM35 Rullebremse for og bag, X3 dæk 700x28c, Indfarvet skærme.",10kg,"5,999.00",,
simple,2015-kildemoes-logic-sport-7gear-herre-config,YKK3475901,2015 Kildemoes Logic Sport 7 Gear,"str, farve",Crystal Black Matt,59,,Smart sportscykel med indvendige gear og rullebremser,"Logic Sport har kendetegn fra racercyklens kortere og stejlere stelgeometri, giver følelsen af en levende og hurtigt cykel. Alu stel, 7 Shimano Nexus gear, IM35 Rullebremse for og bag, X3 dæk 700x28c, Indfarvet skærme.",10kg,"5,999.00",,
simple,2015-kildemoes-logic-sport-7gear-herre-config,YKK3476201,2015 Kildemoes Logic Sport 7 Gear,"str, farve",Crystal Black Matt,62,,Smart sportscykel med indvendige gear og rullebremser,"Logic Sport har kendetegn fra racercyklens kortere og stejlere stelgeometri, giver følelsen af en levende og hurtigt cykel. Alu stel, 7 Shimano Nexus gear, IM35 Rullebremse for og bag, X3 dæk 700x28c, Indfarvet skærme.",10kg,"5,999.00",,
simple,2015-kildemoes-logic-sport-7gear-herre-config,YKK3475502,2015 Kildemoes Logic Sport 7 Gear,"str, farve",Dark Blue Matt,55,,Smart sportscykel med indvendige gear og rullebremser,"Logic Sport har kendetegn fra racercyklens kortere og stejlere stelgeometri, giver følelsen af en levende og hurtigt cykel. Alu stel, 7 Shimano Nexus gear, IM35 Rullebremse for og bag, X3 dæk 700x28c, Indfarvet skærme.",10kg,"5,999.00",,
simple,2015-kildemoes-logic-sport-7gear-herre-config,YKK3475902,2015 Kildemoes Logic Sport 7 Gear,"str, farve",Dark Blue Matt,59,,Smart sportscykel med indvendige gear og rullebremser,"Logic Sport har kendetegn fra racercyklens kortere og stejlere stelgeometri, giver følelsen af en levende og hurtigt cykel. Alu stel, 7 Shimano Nexus gear, IM35 Rullebremse for og bag, X3 dæk 700x28c, Indfarvet skærme.",10kg,"5,999.00",,
simple,2015-kildemoes-logic-sport-7gear-herre-config,YKK3475503,2015 Kildemoes Logic Sport 7 Gear,"str, farve",Soft Black,55,,Smart sportscykel med indvendige gear og rullebremser,"Logic Sport har kendetegn fra racercyklens kortere og stejlere stelgeometri, giver følelsen af en levende og hurtigt cykel. Alu stel, 7 Shimano Nexus gear, IM35 Rullebremse for og bag, X3 dæk 700x28c, Indfarvet skærme.",10kg,"5,999.00",,
simple,2015-kildemoes-logic-sport-7gear-herre-config,YKK3475903,2015 Kildemoes Logic Sport 7 Gear,"str, farve",Soft Black,59,,Smart sportscykel med indvendige gear og rullebremser,"Logic Sport har kendetegn fra racercyklens kortere og stejlere stelgeometri, giver følelsen af en levende og hurtigt cykel. Alu stel, 7 Shimano Nexus gear, IM35 Rullebremse for og bag, X3 dæk 700x28c, Indfarvet skærme.",10kg,"5,999.00",,
config,,2015-kildemoes-logic-sport-7gear-dame-config,2015 Kildemoes Logic Sport 7 Gear,,,,,Smart sportscykel med indvendige gear og rullebremser,"Logic Sport har kendetegn fra racercyklens kortere og stejlere stelgeometri, giver følelsen af en levende og hurtigt cykel. Alu stel, 7 Shimano Nexus gear, IM35 Rullebremse for og bag, X3 dæk 700x28c, Indfarvet skærme.",10kg,"5,999.00",,"DAME, Sportscykler"
simple,2015-kildemoes-logic-sport-7gear-dame-config,YKK3574701,2015 Kildemoes Logic Sport 7 Gear,"str, farve",Black Pink Matt,47,,Smart sportscykel med indvendige gear og rullebremser,"Logic Sport har kendetegn fra racercyklens kortere og stejlere stelgeometri, giver følelsen af en levende og hurtigt cykel. Alu stel, 7 Shimano Nexus gear, IM35 Rullebremse for og bag, X3 dæk 700x28c, Indfarvet skærme.",10kg,"5,999.00",,
simple,2015-kildemoes-logic-sport-7gear-dame-config,YKK3575101,2015 Kildemoes Logic Sport 7 Gear,"str, farve",Black Pink Matt,51,,Smart sportscykel med indvendige gear og rullebremser,"Logic Sport har kendetegn fra racercyklens kortere og stejlere stelgeometri, giver følelsen af en levende og hurtigt cykel. Alu stel, 7 Shimano Nexus gear, IM35 Rullebremse for og bag, X3 dæk 700x28c, Indfarvet skærme.",10kg,"5,999.00",,
simple,2015-kildemoes-logic-sport-7gear-dame-config,YKK3575501,2015 Kildemoes Logic Sport 7 Gear,"str, farve",Black Pink Matt,55,,Smart sportscykel med indvendige gear og rullebremser,"Logic Sport har kendetegn fra racercyklens kortere og stejlere stelgeometri, giver følelsen af en levende og hurtigt cykel. Alu stel, 7 Shimano Nexus gear, IM35 Rullebremse for og bag, X3 dæk 700x28c, Indfarvet skærme.",10kg,"5,999.00",,
simple,2015-kildemoes-logic-sport-7gear-dame-config,YKK3575901,2015 Kildemoes Logic Sport 7 Gear,"str, farve",Black Pink Matt,59,,Smart sportscykel med indvendige gear og rullebremser,"Logic Sport har kendetegn fra racercyklens kortere og stejlere stelgeometri, giver følelsen af en levende og hurtigt cykel. Alu stel, 7 Shimano Nexus gear, IM35 Rullebremse for og bag, X3 dæk 700x28c, Indfarvet skærme.",10kg,"5,999.00",,
simple,2015-kildemoes-logic-sport-7gear-dame-config,YKK3575102,2015 Kildemoes Logic Sport 7 Gear,"str, farve",Crystal Orange Matt,51,,Smart sportscykel med indvendige gear og rullebremser,"Logic Sport har kendetegn fra racercyklens kortere og stejlere stelgeometri, giver følelsen af en levende og hurtigt cykel. Alu stel, 7 Shimano Nexus gear, IM35 Rullebremse for og bag, X3 dæk 700x28c, Indfarvet skærme.",10kg,"5,999.00",,
simple,2015-kildemoes-logic-sport-7gear-dame-config,YKK3575502,2015 Kildemoes Logic Sport 7 Gear,"str, farve",Crystal Orange Matt,55,,Smart sportscykel med indvendige gear og rullebremser,"Logic Sport har kendetegn fra racercyklens kortere og stejlere stelgeometri, giver følelsen af en levende og hurtigt cykel. Alu stel, 7 Shimano Nexus gear, IM35 Rullebremse for og bag, X3 dæk 700x28c, Indfarvet skærme.",10kg,"5,999.00",,
simple,2015-kildemoes-logic-sport-7gear-dame-config,YKK3575103,2015 Kildemoes Logic Sport 7 Gear,"str, farve",Misty Blue Matt,51,,Smart sportscykel med indvendige gear og rullebremser,"Logic Sport har kendetegn fra racercyklens kortere og stejlere stelgeometri, giver følelsen af en levende og hurtigt cykel. Alu stel, 7 Shimano Nexus gear, IM35 Rullebremse for og bag, X3 dæk 700x28c, Indfarvet skærme.",10kg,"5,999.00",,
simple,2015-kildemoes-logic-sport-7gear-dame-config,YKK3575503,2015 Kildemoes Logic Sport 7 Gear,"str, farve",Misty Blue Matt,55,,Smart sportscykel med indvendige gear og rullebremser,"Logic Sport har kendetegn fra racercyklens kortere og stejlere stelgeometri, giver følelsen af en levende og hurtigt cykel. Alu stel, 7 Shimano Nexus gear, IM35 Rullebremse for og bag, X3 dæk 700x28c, Indfarvet skærme.",10kg,"5,999.00",,
config,,2015-kildemoes-logic-sport-8gear-herre-config,2015 Kildemoes Logic Sport 8 Gear,,,,,Smart sportscykel med udvendige gear og rullebremser,"Logic Sport har kendetegn fra racercyklens kortere og stejlere stelgeometri, giver følelsen af en levende og hurtigt cykel. Alu stel, 8 Shimano Claris gear, IM35 Rullebremse for og bag, X3 dæk 700x28c, Indfarvet skærme.",10kg,"5,899.00",,"HERRE, Sportscykler"
simple,2015-kildemoes-logic-sport-8gear-herre-config,YKK3485501,2015 Kildemoes Logic Sport 8 Gear,"str, farve",Black Blue Matt,55,,Smart sportscykel med udvendige gear og rullebremser,"Logic Sport har kendetegn fra racercyklens kortere og stejlere stelgeometri, giver følelsen af en levende og hurtigt cykel. Alu stel, 8 Shimano Claris gear, IM35 Rullebremse for og bag, X3 dæk 700x28c, Indfarvet skærme.",10kg,"5,899.00",,
simple,2015-kildemoes-logic-sport-8gear-herre-config,YKK3485901,2015 Kildemoes Logic Sport 8 Gear,"str, farve",Black Blue Matt,59,,Smart sportscykel med udvendige gear og rullebremser,"Logic Sport har kendetegn fra racercyklens kortere og stejlere stelgeometri, giver følelsen af en levende og hurtigt cykel. Alu stel, 8 Shimano Claris gear, IM35 Rullebremse for og bag, X3 dæk 700x28c, Indfarvet skærme.",10kg,"5,899.00",,
config,,2015-kildemoes-logic-sport-8gear-dame-config,2015 Kildemoes Logic Sport 8 Gear,,,,,Smart sportscykel med udvendige gear og rullebremser,"Logic Sport har kendetegn fra racercyklens kortere og stejlere stelgeometri, giver følelsen af en levende og hurtigt cykel. Alu stel, 8 Shimano Claris gear, IM35 Rullebremse for og bag, X3 dæk 700x28c, Indfarvet skærme.",10kg,"5,899.00",,"DAME, Sportscykler"
simple,2015-kildemoes-logic-sport-8gear-dame-config,YKK3585101,2015 Kildemoes Logic Sport 8 Gear,"str, farve",Black Rose Matt,51,,Smart sportscykel med udvendige gear og rullebremser,"Logic Sport har kendetegn fra racercyklens kortere og stejlere stelgeometri, giver følelsen af en levende og hurtigt cykel. Alu stel, 8 Shimano Claris gear, IM35 Rullebremse for og bag, X3 dæk 700x28c, Indfarvet skærme.",10kg,"5,899.00",,
simple,2015-kildemoes-logic-sport-8gear-dame-config,YKK3585501,2015 Kildemoes Logic Sport 8 Gear,"str, farve",Black Rose Matt,55,,Smart sportscykel med udvendige gear og rullebremser,"Logic Sport har kendetegn fra racercyklens kortere og stejlere stelgeometri, giver følelsen af en levende og hurtigt cykel. Alu stel, 8 Shimano Claris gear, IM35 Rullebremse for og bag, X3 dæk 700x28c, Indfarvet skærme.",10kg,"5,899.00",,
config,,2015-kildemoes-logic-sport-8gear-hydraulisk-disc-herre-config,2015 Kildemoes Logic Sport 8 Gear Hydralisk Disc,,,,,Smart sportscykel med udvendige gear og Hydrauliske skivebremser,"Logic Sport har kendetegn fra racercyklens kortere og stejlere stelgeometri, giver følelsen af en levende og hurtigt cykel. Alu stel, 8 Shimano Claris gear, hydrauliske skivebremser, X3 dæk 700x25c, Indfarvet skærme.",10kg,"5,999.00",,"HERRE, Sportscykler"
simple,2015-kildemoes-logic-sport-8gear-hydraulisk-disc-herre-config,YKK3685101,2015 Kildemoes Logic Sport 8 Gear Hydralisk Disc,"str, farve",Soft Midnight Sky,51,,Smart sportscykel med udvendige gear og Hydrauliske skivebremser,"Logic Sport har kendetegn fra racercyklens kortere og stejlere stelgeometri, giver følelsen af en levende og hurtigt cykel. Alu stel, 8 Shimano Claris gear, hydrauliske skivebremser, X3 dæk 700x25c, Indfarvet skærme.",10kg,"5,999.00",,
simple,2015-kildemoes-logic-sport-8gear-hydraulisk-disc-herre-config,YKK3685501,2015 Kildemoes Logic Sport 8 Gear Hydralisk Disc,"str, farve",Soft Midnight Sky,55,,Smart sportscykel med udvendige gear og Hydrauliske skivebremser,"Logic Sport har kendetegn fra racercyklens kortere og stejlere stelgeometri, giver følelsen af en levende og hurtigt cykel. Alu stel, 8 Shimano Claris gear, hydrauliske skivebremser, X3 dæk 700x25c, Indfarvet skærme.",10kg,"5,999.00",,
simple,2015-kildemoes-logic-sport-8gear-hydraulisk-disc-herre-config,YKK3685901,2015 Kildemoes Logic Sport 8 Gear Hydralisk Disc,"str, farve",Soft Midnight Sky,59,,Smart sportscykel med udvendige gear og Hydrauliske skivebremser,"Logic Sport har kendetegn fra racercyklens kortere og stejlere stelgeometri, giver følelsen af en levende og hurtigt cykel. Alu stel, 8 Shimano Claris gear, hydrauliske skivebremser, X3 dæk 700x25c, Indfarvet skærme.",10kg,"5,999.00",,
simple,2015-kildemoes-logic-sport-8gear-hydraulisk-disc-herre-config,YKK3686201,2015 Kildemoes Logic Sport 8 Gear Hydralisk Disc,"str, farve",Soft Midnight Sky,62,,Smart sportscykel med udvendige gear og Hydrauliske skivebremser,"Logic Sport har kendetegn fra racercyklens kortere og stejlere stelgeometri, giver følelsen af en levende og hurtigt cykel. Alu stel, 8 Shimano Claris gear, hydrauliske skivebremser, X3 dæk 700x25c, Indfarvet skærme.",10kg,"5,999.00",,
simple,2015-kildemoes-logic-sport-8gear-hydraulisk-disc-herre-config,YKK3685502,2015 Kildemoes Logic Sport 8 Gear Hydralisk Disc,"str, farve",Crystal Grey Matt,55,,Smart sportscykel med udvendige gear og Hydrauliske skivebremser,"Logic Sport har kendetegn fra racercyklens kortere og stejlere stelgeometri, giver følelsen af en levende og hurtigt cykel. Alu stel, 8 Shimano Claris gear, hydrauliske skivebremser, X3 dæk 700x25c, Indfarvet skærme.",10kg,"5,999.00",,
simple,2015-kildemoes-logic-sport-8gear-hydraulisk-disc-herre-config,YKK3685902,2015 Kildemoes Logic Sport 8 Gear Hydralisk Disc,"str, farve",Crystal Grey Matt,59,,Smart sportscykel med udvendige gear og Hydrauliske skivebremser,"Logic Sport har kendetegn fra racercyklens kortere og stejlere stelgeometri, giver følelsen af en levende og hurtigt cykel. Alu stel, 8 Shimano Claris gear, hydrauliske skivebremser, X3 dæk 700x25c, Indfarvet skærme.",10kg,"5,999.00",,
simple,2015-kildemoes-logic-sport-8gear-hydraulisk-disc-herre-config,YKK3685503,2015 Kildemoes Logic Sport 8 Gear Hydralisk Disc,"str, farve",Black Gold Matt,55,,Smart sportscykel med udvendige gear og Hydrauliske skivebremser,"Logic Sport har kendetegn fra racercyklens kortere og stejlere stelgeometri, giver følelsen af en levende og hurtigt cykel. Alu stel, 8 Shimano Claris gear, hydrauliske skivebremser, X3 dæk 700x25c, Indfarvet skærme.",10kg,"5,999.00",,
simple,2015-kildemoes-logic-sport-8gear-hydraulisk-disc-herre-config,YKK3685903,2015 Kildemoes Logic Sport 8 Gear Hydralisk Disc,"str, farve",Black Gold Matt,59,,Smart sportscykel med udvendige gear og Hydrauliske skivebremser,"Logic Sport har kendetegn fra racercyklens kortere og stejlere stelgeometri, giver følelsen af en levende og hurtigt cykel. Alu stel, 8 Shimano Claris gear, hydrauliske skivebremser, X3 dæk 700x25c, Indfarvet skærme.",10kg,"5,999.00",,
config,,2015-kildemoes-logic-sport-8gear-hydraulisk-disc-dame-config,2015 Kildemoes Logic Sport 8 Gear Hydralisk Disc,,,,,Smart sportscykel med udvendige gear og Hydrauliske skivebremser,"Logic Sport har kendetegn fra racercyklens kortere og stejlere stelgeometri, giver følelsen af en levende og hurtigt cykel. Alu stel, 8 Shimano Claris gear, hydrauliske skivebremser, X3 dæk 700x25c, Indfarvet skærme.",10kg,"5,999.00",,"DAME, Sportscykler"
simple,2015-kildemoes-logic-sport-8gear-hydraulisk-disc-dame-config,YKK3784701,2015 Kildemoes Logic Sport 8 Gear Hydralisk Disc,"str, farve",Black Pink Matt,47,,Smart sportscykel med udvendige gear og Hydrauliske skivebremser,"Logic Sport har kendetegn fra racercyklens kortere og stejlere stelgeometri, giver følelsen af en levende og hurtigt cykel. Alu stel, 8 Shimano Claris gear, hydrauliske skivebremser, X3 dæk 700x25c, Indfarvet skærme.",10kg,"5,999.00",,
simple,2015-kildemoes-logic-sport-8gear-hydraulisk-disc-dame-config,YKK3785101,2015 Kildemoes Logic Sport 8 Gear Hydralisk Disc,"str, farve",Black Pink Matt,51,,Smart sportscykel med udvendige gear og Hydrauliske skivebremser,"Logic Sport har kendetegn fra racercyklens kortere og stejlere stelgeometri, giver følelsen af en levende og hurtigt cykel. Alu stel, 8 Shimano Claris gear, hydrauliske skivebremser, X3 dæk 700x25c, Indfarvet skærme.",10kg,"5,999.00",,
simple,2015-kildemoes-logic-sport-8gear-hydraulisk-disc-dame-config,YKK3785501,2015 Kildemoes Logic Sport 8 Gear Hydralisk Disc,"str, farve",Black Pink Matt,55,,Smart sportscykel med udvendige gear og Hydrauliske skivebremser,"Logic Sport har kendetegn fra racercyklens kortere og stejlere stelgeometri, giver følelsen af en levende og hurtigt cykel. Alu stel, 8 Shimano Claris gear, hydrauliske skivebremser, X3 dæk 700x25c, Indfarvet skærme.",10kg,"5,999.00",,
simple,2015-kildemoes-logic-sport-8gear-hydraulisk-disc-dame-config,YKK3785901,2015 Kildemoes Logic Sport 8 Gear Hydralisk Disc,"str, farve",Black Pink Matt,59,,Smart sportscykel med udvendige gear og Hydrauliske skivebremser,"Logic Sport har kendetegn fra racercyklens kortere og stejlere stelgeometri, giver følelsen af en levende og hurtigt cykel. Alu stel, 8 Shimano Claris gear, hydrauliske skivebremser, X3 dæk 700x25c, Indfarvet skærme.",10kg,"5,999.00",,
simple,2015-kildemoes-logic-sport-8gear-hydraulisk-disc-dame-config,YKK3785102,2015 Kildemoes Logic Sport 8 Gear Hydralisk Disc,"str, farve",Crystal White,51,,Smart sportscykel med udvendige gear og Hydrauliske skivebremser,"Logic Sport har kendetegn fra racercyklens kortere og stejlere stelgeometri, giver følelsen af en levende og hurtigt cykel. Alu stel, 8 Shimano Claris gear, hydrauliske skivebremser, X3 dæk 700x25c, Indfarvet skærme.",10kg,"5,999.00",,
simple,2015-kildemoes-logic-sport-8gear-hydraulisk-disc-dame-config,YKK3785502,2015 Kildemoes Logic Sport 8 Gear Hydralisk Disc,"str, farve",Crystal White,55,,Smart sportscykel med udvendige gear og Hydrauliske skivebremser,"Logic Sport har kendetegn fra racercyklens kortere og stejlere stelgeometri, giver følelsen af en levende og hurtigt cykel. Alu stel, 8 Shimano Claris gear, hydrauliske skivebremser, X3 dæk 700x25c, Indfarvet skærme.",10kg,"5,999.00",,
simple,2015-kildemoes-logic-sport-8gear-hydraulisk-disc-dame-config,YKK3785103,2015 Kildemoes Logic Sport 8 Gear Hydralisk Disc,"str, farve",Opal Green,51,,Smart sportscykel med udvendige gear og Hydrauliske skivebremser,"Logic Sport har kendetegn fra racercyklens kortere og stejlere stelgeometri, giver følelsen af en levende og hurtigt cykel. Alu stel, 8 Shimano Claris gear, hydrauliske skivebremser, X3 dæk 700x25c, Indfarvet skærme.",10kg,"5,999.00",,
simple,2015-kildemoes-logic-sport-8gear-hydraulisk-disc-dame-config,YKK3785503,2015 Kildemoes Logic Sport 8 Gear Hydralisk Disc,"str, farve",Opal Green,55,,Smart sportscykel med udvendige gear og Hydrauliske skivebremser,"Logic Sport har kendetegn fra racercyklens kortere og stejlere stelgeometri, giver følelsen af en levende og hurtigt cykel. Alu stel, 8 Shimano Claris gear, hydrauliske skivebremser, X3 dæk 700x25c, Indfarvet skærme.",10kg,"5,999.00",,
config,,2015-kildemoes-logic-sport-16gear-mekanisk-disc-herre-config,2015 Kildemoes Logic Sport 16 Gear Mekanisk Disc,,,,,Smart sportscykel med udvendige gear og skivebremser,"Logic Sport har kendetegn fra racercyklens kortere og stejlere stelgeometri, giver følelsen af en levende og hurtigt cykel. Alu stel, 16 Shimano Claris gear, mekaniske skivebremser, X3 dæk 700x25c.",10kg,"5,999.00",,"HERRE, Sportscykler"
simple,2015-kildemoes-logic-sport-16gear-mekanisk-disc-herre-config,YKK3465501,2015 Kildemoes Logic Sport 16 Gear Mekanisk Disc,"str, farve",Platinum Matt,55,,Smart sportscykel med udvendige gear og skivebremser,"Logic Sport har kendetegn fra racercyklens kortere og stejlere stelgeometri, giver følelsen af en levende og hurtigt cykel. Alu stel, 16 Shimano Claris gear, mekaniske skivebremser, X3 dæk 700x25c.",10kg,"5,999.00",,
simple,2015-kildemoes-logic-sport-16gear-mekanisk-disc-herre-config,YKK3465901,2015 Kildemoes Logic Sport 16 Gear Mekanisk Disc,"str, farve",Platinum Matt,59,,Smart sportscykel med udvendige gear og skivebremser,"Logic Sport har kendetegn fra racercyklens kortere og stejlere stelgeometri, giver følelsen af en levende og hurtigt cykel. Alu stel, 16 Shimano Claris gear, mekaniske skivebremser, X3 dæk 700x25c.",10kg,"5,999.00",,
config,,2015-kildemoes-logic-sport-16gear-mekanisk-disc-dame-config,2015 Kildemoes Logic Sport 16 Gear Mekanisk Disc,,,,,Smart sportscykel med udvendige gear og skivebremser,"Logic Sport har kendetegn fra racercyklens kortere og stejlere stelgeometri, giver følelsen af en levende og hurtigt cykel. Alu stel, 16 Shimano Claris gear, mekaniske skivebremser, X3 dæk 700x25c.",10kg,"5,999.00",,"DAME, Sportscykler"
simple,2015-kildemoes-logic-sport-16gear-mekanisk-disc-dame-config,YKK3565101,2015 Kildemoes Logic Sport 16 Gear Mekanisk Disc,"str, farve",Platinum Matt,51,,Smart sportscykel med udvendige gear og skivebremser,"Logic Sport har kendetegn fra racercyklens kortere og stejlere stelgeometri, giver følelsen af en levende og hurtigt cykel. Alu stel, 16 Shimano Claris gear, mekaniske skivebremser, X3 dæk 700x25c.",10kg,"5,999.00",,
simple,2015-kildemoes-logic-sport-16gear-mekanisk-disc-dame-config,YKK3565501,2015 Kildemoes Logic Sport 16 Gear Mekanisk Disc,"str, farve",Platinum Matt,55,,Smart sportscykel med udvendige gear og skivebremser,"Logic Sport har kendetegn fra racercyklens kortere og stejlere stelgeometri, giver følelsen af en levende og hurtigt cykel. Alu stel, 16 Shimano Claris gear, mekaniske skivebremser, X3 dæk 700x25c.",10kg,"5,999.00",,
config,,2015-kildemoes-logic-sport-16gear-hydraulisk-disc-herre-config,2015 Kildemoes Logic Sport 16 Gear Hydralisk Disc,,,,,Smart sportscykel med udvendige gear og Hydrauliske skivebremser,"Logic Sport har kendetegn fra racercyklens kortere og stejlere stelgeometri, giver følelsen af en levende og hurtigt cykel. Alu stel, 16 Shimano Claris gear, hydrauliske skivebremser, X3 dæk 700x25c.",10kg,"6,299.00",,"HERRE, Sportscykler"
simple,2015-kildemoes-logic-sport-16gear-hydraulisk-disc-herre-config,YKK3265501,2015 Kildemoes Logic Sport 16 Gear Hydralisk Disc,"str, farve",Cadet Blue Matt,55,,Smart sportscykel med udvendige gear og Hydrauliske skivebremser,"Logic Sport har kendetegn fra racercyklens kortere og stejlere stelgeometri, giver følelsen af en levende og hurtigt cykel. Alu stel, 16 Shimano Claris gear, hydrauliske skivebremser, X3 dæk 700x25c.",10kg,"6,299.00",,
simple,2015-kildemoes-logic-sport-16gear-hydraulisk-disc-herre-config,YKK3265901,2015 Kildemoes Logic Sport 16 Gear Hydralisk Disc,"str, farve",Cadet Blue Matt,59,,Smart sportscykel med udvendige gear og Hydrauliske skivebremser,"Logic Sport har kendetegn fra racercyklens kortere og stejlere stelgeometri, giver følelsen af en levende og hurtigt cykel. Alu stel, 16 Shimano Claris gear, hydrauliske skivebremser, X3 dæk 700x25c.",10kg,"6,299.00",,
config,,2015-kildemoes-logic-sport-16gear-hydraulisk-disc-dame-config,2015 Kildemoes Logic Sport 16 Gear Hydralisk Disc,,,,,Smart sportscykel med udvendige gear og Hydrauliske skivebremser,"Logic Sport har kendetegn fra racercyklens kortere og stejlere stelgeometri, giver følelsen af en levende og hurtigt cykel. Alu stel, 16 Shimano Claris gear, hydrauliske skivebremser, X3 dæk 700x25c.",10kg,"6,299.00",,"DAME, Sportscykler"
simple,2015-kildemoes-logic-sport-16gear-hydraulisk-disc-dame-config,YKK3365101,2015 Kildemoes Logic Sport 16 Gear Hydralisk Disc,"str, farve",Crystal Blue Matt,51,,Smart sportscykel med udvendige gear og Hydrauliske skivebremser,"Logic Sport har kendetegn fra racercyklens kortere og stejlere stelgeometri, giver følelsen af en levende og hurtigt cykel. Alu stel, 16 Shimano Claris gear, hydrauliske skivebremser, X3 dæk 700x25c.",10kg,"6,299.00",,
simple,2015-kildemoes-logic-sport-16gear-hydraulisk-disc-dame-config,YKK3365501,2015 Kildemoes Logic Sport 16 Gear Hydralisk Disc,"str, farve",Crystal Blue Matt,55,,Smart sportscykel med udvendige gear og Hydrauliske skivebremser,"Logic Sport har kendetegn fra racercyklens kortere og stejlere stelgeometri, giver følelsen af en levende og hurtigt cykel. Alu stel, 16 Shimano Claris gear, hydrauliske skivebremser, X3 dæk 700x25c.",10kg,"6,299.00",,
config,,2015-kildemoes-logic-sport-20gear-hydraulisk-disc-herre-config,2015 Kildemoes Logic Sport 20 Gear Hydralisk Disc,,,,,Smart sportscykel med udvendige gear og Hydrauliske skivebremser,"Logic Sport har kendetegn fra racercyklens kortere og stejlere stelgeometri, giver følelsen af en levende og hurtigt cykel. Alu stel, 20 Shimano Tiagra gear, hydrauliske skivebremser, X3 dæk 700x25c.",10kg,"6,999.00",,"HERRE, Sportscykler"
simple,2015-kildemoes-logic-sport-20gear-hydraulisk-disc-herre-config,YKK3605501,2015 Kildemoes Logic Sport 20 Gear Hydralisk Disc,"str, farve",Silver Pearl,55,,Smart sportscykel med udvendige gear og Hydrauliske skivebremser,"Logic Sport har kendetegn fra racercyklens kortere og stejlere stelgeometri, giver følelsen af en levende og hurtigt cykel. Alu stel, 20 Shimano Tiagra gear, hydrauliske skivebremser, X3 dæk 700x25c.",10kg,"6,999.00",,
simple,2015-kildemoes-logic-sport-20gear-hydraulisk-disc-herre-config,YKK3605901,2015 Kildemoes Logic Sport 20 Gear Hydralisk Disc,"str, farve",Silver Pearl,59,,Smart sportscykel med udvendige gear og Hydrauliske skivebremser,"Logic Sport har kendetegn fra racercyklens kortere og stejlere stelgeometri, giver følelsen af en levende og hurtigt cykel. Alu stel, 20 Shimano Tiagra gear, hydrauliske skivebremser, X3 dæk 700x25c.",10kg,"6,999.00",,
config,,2015-kildemoes-Street-Flow-7gear-herre-config,2015 Kildemoes Street Flow 7 Gear,,,,,"Komfortabel, Praktisk og lidt sporty Citybike med indvendige gear og fodbremse","Street Flow har en lettere fremadrettet kørestiling, samt gode styreegenskaber pga. en længere afstand mellem hjulene end på sportscyklerne. Stadig med mulighed for en hurtiger fremdrift end på de City modellerne. Alu stel, 7 indvendige Shimano Nexus gear, fodbremse, skærm, bagagebærer, lås, baglygte X3 dæk 700x32c",10kg,"4,999.00",,"HERRE, Citybikes&klassik"
simple,2015-kildemoes-Street-Flow-7gear-herre-config,YKK7474701,2015 Kildemoes Street Flow 7 Gear,"str, farve",Panther Black Matt,47,,"Komfortabel, Praktisk og lidt sporty Citybike med indvendige gear og fodbremse","Street Flow har en lettere fremadrettet kørestiling, samt gode styreegenskaber pga. en længere afstand mellem hjulene end på sportscyklerne. Stadig med mulighed for en hurtiger fremdrift end på de City modellerne. Alu stel, 7 indvendige Shimano Nexus gear, fodbremse, skærm, bagagebærer, lås, baglygte X3 dæk 700x32c",10kg,"4,999.00",,
simple,2015-kildemoes-Street-Flow-7gear-herre-config,YKK7475101,2015 Kildemoes Street Flow 7 Gear,"str, farve",Panther Black Matt,51,,"Komfortabel, Praktisk og lidt sporty Citybike med indvendige gear og fodbremse","Street Flow har en lettere fremadrettet kørestiling, samt gode styreegenskaber pga. en længere afstand mellem hjulene end på sportscyklerne. Stadig med mulighed for en hurtiger fremdrift end på de City modellerne. Alu stel, 7 indvendige Shimano Nexus gear, fodbremse, skærm, bagagebærer, lås, baglygte X3 dæk 700x32c",10kg,"4,999.00",,
simple,2015-kildemoes-Street-Flow-7gear-herre-config,YKK7475501,2015 Kildemoes Street Flow 7 Gear,"str, farve",Panther Black Matt,55,,"Komfortabel, Praktisk og lidt sporty Citybike med indvendige gear og fodbremse","Street Flow har en lettere fremadrettet kørestiling, samt gode styreegenskaber pga. en længere afstand mellem hjulene end på sportscyklerne. Stadig med mulighed for en hurtiger fremdrift end på de City modellerne. Alu stel, 7 indvendige Shimano Nexus gear, fodbremse, skærm, bagagebærer, lås, baglygte X3 dæk 700x32c",10kg,"4,999.00",,
simple,2015-kildemoes-Street-Flow-7gear-herre-config,YKK7475901,2015 Kildemoes Street Flow 7 Gear,"str, farve",Panther Black Matt,59,,"Komfortabel, Praktisk og lidt sporty Citybike med indvendige gear og fodbremse","Street Flow har en lettere fremadrettet kørestiling, samt gode styreegenskaber pga. en længere afstand mellem hjulene end på sportscyklerne. Stadig med mulighed for en hurtiger fremdrift end på de City modellerne. Alu stel, 7 indvendige Shimano Nexus gear, fodbremse, skærm, bagagebærer, lås, baglygte X3 dæk 700x32c",10kg,"4,999.00",,
simple,2015-kildemoes-Street-Flow-7gear-herre-config,YKK7476201,2015 Kildemoes Street Flow 7 Gear,"str, farve",Panther Black Matt,62,,"Komfortabel, Praktisk og lidt sporty Citybike med indvendige gear og fodbremse","Street Flow har en lettere fremadrettet kørestiling, samt gode styreegenskaber pga. en længere afstand mellem hjulene end på sportscyklerne. Stadig med mulighed for en hurtiger fremdrift end på de City modellerne. Alu stel, 7 indvendige Shimano Nexus gear, fodbremse, skærm, bagagebærer, lås, baglygte X3 dæk 700x32c",10kg,"4,999.00",,
simple,2015-kildemoes-Street-Flow-7gear-herre-config,YKK7475502,2015 Kildemoes Street Flow 7 Gear,"str, farve",Platinum Matt,55,,"Komfortabel, Praktisk og lidt sporty Citybike med indvendige gear og fodbremse","Street Flow har en lettere fremadrettet kørestiling, samt gode styreegenskaber pga. en længere afstand mellem hjulene end på sportscyklerne. Stadig med mulighed for en hurtiger fremdrift end på de City modellerne. Alu stel, 7 indvendige Shimano Nexus gear, fodbremse, skærm, bagagebærer, lås, baglygte X3 dæk 700x32c",10kg,"4,999.00",,
simple,2015-kildemoes-Street-Flow-7gear-herre-config,YKK7475902,2015 Kildemoes Street Flow 7 Gear,"str, farve",Platinum Matt,59,,"Komfortabel, Praktisk og lidt sporty Citybike med indvendige gear og fodbremse","Street Flow har en lettere fremadrettet kørestiling, samt gode styreegenskaber pga. en længere afstand mellem hjulene end på sportscyklerne. Stadig med mulighed for en hurtiger fremdrift end på de City modellerne. Alu stel, 7 indvendige Shimano Nexus gear, fodbremse, skærm, bagagebærer, lås, baglygte X3 dæk 700x32c",10kg,"4,999.00",,
simple,2015-kildemoes-Street-Flow-7gear-herre-config,YKK7475503,2015 Kildemoes Street Flow 7 Gear,"str, farve",Black Gold Matt,55,,"Komfortabel, Praktisk og lidt sporty Citybike med indvendige gear og fodbremse","Street Flow har en lettere fremadrettet kørestiling, samt gode styreegenskaber pga. en længere afstand mellem hjulene end på sportscyklerne. Stadig med mulighed for en hurtiger fremdrift end på de City modellerne. Alu stel, 7 indvendige Shimano Nexus gear, fodbremse, skærm, bagagebærer, lås, baglygte X3 dæk 700x32c",10kg,"4,999.00",,
simple,2015-kildemoes-Street-Flow-7gear-herre-config,YKK7475903,2015 Kildemoes Street Flow 7 Gear,"str, farve",Black Gold Matt,59,,"Komfortabel, Praktisk og lidt sporty Citybike med indvendige gear og fodbremse","Street Flow har en lettere fremadrettet kørestiling, samt gode styreegenskaber pga. en længere afstand mellem hjulene end på sportscyklerne. Stadig med mulighed for en hurtiger fremdrift end på de City modellerne. Alu stel, 7 indvendige Shimano Nexus gear, fodbremse, skærm, bagagebærer, lås, baglygte X3 dæk 700x32c",10kg,"4,999.00",,
config,,2015-kildemoes-Street-Flow-7gear-dame-config,2015 Kildemoes Street Flow 7 Gear,,,,,"Komfortabel, Praktisk og lidt sporty Citybike med indvendige gear og fodbremse","Street Flow har en lettere fremadrettet kørestiling, samt gode styreegenskaber pga. en længere afstand mellem hjulene end på sportscyklerne. Stadig med mulighed for en hurtiger fremdrift end på de City modellerne. Alu stel, 7 indvendige Shimano Nexus gear, fodbremse, skærm, bagagebærer, lås, baglygte X3 dæk 700x32c",10kg,"4,999.00",,"DAME, Citybike"
simple,2015-kildemoes-Street-Flow-7gear-dame-config,YKK7574301,2015 Kildemoes Street Flow 7 Gear,"str, farve",Scarlet Black Matt,43,,"Komfortabel, Praktisk og lidt sporty Citybike med indvendige gear og fodbremse","Street Flow har en lettere fremadrettet kørestiling, samt gode styreegenskaber pga. en længere afstand mellem hjulene end på sportscyklerne. Stadig med mulighed for en hurtiger fremdrift end på de City modellerne. Alu stel, 7 indvendige Shimano Nexus gear, fodbremse, skærm, bagagebærer, lås, baglygte X3 dæk 700x32c",10kg,"4,999.00",,
simple,2015-kildemoes-Street-Flow-7gear-dame-config,YKK7574701,2015 Kildemoes Street Flow 7 Gear,"str, farve",Scarlet Black Matt,47,,"Komfortabel, Praktisk og lidt sporty Citybike med indvendige gear og fodbremse","Street Flow har en lettere fremadrettet kørestiling, samt gode styreegenskaber pga. en længere afstand mellem hjulene end på sportscyklerne. Stadig med mulighed for en hurtiger fremdrift end på de City modellerne. Alu stel, 7 indvendige Shimano Nexus gear, fodbremse, skærm, bagagebærer, lås, baglygte X3 dæk 700x32c",10kg,"4,999.00",,
simple,2015-kildemoes-Street-Flow-7gear-dame-config,YKK7575101,2015 Kildemoes Street Flow 7 Gear,"str, farve",Scarlet Black Matt,51,,"Komfortabel, Praktisk og lidt sporty Citybike med indvendige gear og fodbremse","Street Flow har en lettere fremadrettet kørestiling, samt gode styreegenskaber pga. en længere afstand mellem hjulene end på sportscyklerne. Stadig med mulighed for en hurtiger fremdrift end på de City modellerne. Alu stel, 7 indvendige Shimano Nexus gear, fodbremse, skærm, bagagebærer, lås, baglygte X3 dæk 700x32c",10kg,"4,999.00",,
simple,2015-kildemoes-Street-Flow-7gear-dame-config,YKK7575501,2015 Kildemoes Street Flow 7 Gear,"str, farve",Scarlet Black Matt,55,,"Komfortabel, Praktisk og lidt sporty Citybike med indvendige gear og fodbremse","Street Flow har en lettere fremadrettet kørestiling, samt gode styreegenskaber pga. en længere afstand mellem hjulene end på sportscyklerne. Stadig med mulighed for en hurtiger fremdrift end på de City modellerne. Alu stel, 7 indvendige Shimano Nexus gear, fodbremse, skærm, bagagebærer, lås, baglygte X3 dæk 700x32c",10kg,"4,999.00",,
simple,2015-kildemoes-Street-Flow-7gear-dame-config,YKK7575102,2015 Kildemoes Street Flow 7 Gear,"str, farve",Black Purple Matt,51,,"Komfortabel, Praktisk og lidt sporty Citybike med indvendige gear og fodbremse","Street Flow har en lettere fremadrettet kørestiling, samt gode styreegenskaber pga. en længere afstand mellem hjulene end på sportscyklerne. Stadig med mulighed for en hurtiger fremdrift end på de City modellerne. Alu stel, 7 indvendige Shimano Nexus gear, fodbremse, skærm, bagagebærer, lås, baglygte X3 dæk 700x32c",10kg,"4,999.00",,
simple,2015-kildemoes-Street-Flow-7gear-dame-config,YKK7575502,2015 Kildemoes Street Flow 7 Gear,"str, farve",Black Purple Matt,55,,"Komfortabel, Praktisk og lidt sporty Citybike med indvendige gear og fodbremse","Street Flow har en lettere fremadrettet kørestiling, samt gode styreegenskaber pga. en længere afstand mellem hjulene end på sportscyklerne. Stadig med mulighed for en hurtiger fremdrift end på de City modellerne. Alu stel, 7 indvendige Shimano Nexus gear, fodbremse, skærm, bagagebærer, lås, baglygte X3 dæk 700x32c",10kg,"4,999.00",,
simple,2015-kildemoes-Street-Flow-7gear-dame-config,YKK7575103,2015 Kildemoes Street Flow 7 Gear,"str, farve",Crystal Blue,51,,"Komfortabel, Praktisk og lidt sporty Citybike med indvendige gear og fodbremse","Street Flow har en lettere fremadrettet kørestiling, samt gode styreegenskaber pga. en længere afstand mellem hjulene end på sportscyklerne. Stadig med mulighed for en hurtiger fremdrift end på de City modellerne. Alu stel, 7 indvendige Shimano Nexus gear, fodbremse, skærm, bagagebærer, lås, baglygte X3 dæk 700x32c",10kg,"4,999.00",,
simple,2015-kildemoes-Street-Flow-7gear-dame-config,YKK7575503,2015 Kildemoes Street Flow 7 Gear,"str, farve",Crystal Blue,55,,"Komfortabel, Praktisk og lidt sporty Citybike med indvendige gear og fodbremse","Street Flow har en lettere fremadrettet kørestiling, samt gode styreegenskaber pga. en længere afstand mellem hjulene end på sportscyklerne. Stadig med mulighed for en hurtiger fremdrift end på de City modellerne. Alu stel, 7 indvendige Shimano Nexus gear, fodbremse, skærm, bagagebærer, lås, baglygte X3 dæk 700x32c",10kg,"4,999.00",,
config,,2015-kildemoes-Street-Sport-7gear-herre-config,2015 Kildemoes Street Sport 7 Gear,,,,,"Komfortabel, Praktisk og lidt sporty Citybike med indvendige gear og  Rullebremser","Street Sport har en lettere fremadrettet kørestiling, samt gode styreegenskaber pga. en længere afstand mellem hjulene end på sportscyklerne. Stadig med mulighed for en hurtiger fremdrift end på de City modellerne. Alu stel, 7 indvendige Shimano Nexus gear, IM45 Rullebremser, indfarvet bagagebærer, indfarvet skærme, lås, baglygte, X3 dæk 700x28c",10kg,"5,999.00",,"HERRE, Citybikes&klassik"
simple,2015-kildemoes-Street-Sport-7gear-herre-config,YKK7275101,2015 Kildemoes Street Sport 7 Gear,"str, farve",Platinum Matt,51,,"Komfortabel, Praktisk og lidt sporty Citybike med indvendige gear og  Rullebremser","Street Sport har en lettere fremadrettet kørestiling, samt gode styreegenskaber pga. en længere afstand mellem hjulene end på sportscyklerne. Stadig med mulighed for en hurtiger fremdrift end på de City modellerne. Alu stel, 7 indvendige Shimano Nexus gear, IM45 Rullebremser, indfarvet bagagebærer, indfarvet skærme, lås, baglygte, X3 dæk 700x28c",10kg,"5,999.00",,
simple,2015-kildemoes-Street-Sport-7gear-herre-config,YKK7275501,2015 Kildemoes Street Sport 7 Gear,"str, farve",Platinum Matt,55,,"Komfortabel, Praktisk og lidt sporty Citybike med indvendige gear og  Rullebremser","Street Sport har en lettere fremadrettet kørestiling, samt gode styreegenskaber pga. en længere afstand mellem hjulene end på sportscyklerne. Stadig med mulighed for en hurtiger fremdrift end på de City modellerne. Alu stel, 7 indvendige Shimano Nexus gear, IM45 Rullebremser, indfarvet bagagebærer, indfarvet skærme, lås, baglygte, X3 dæk 700x28c",10kg,"5,999.00",,
simple,2015-kildemoes-Street-Sport-7gear-herre-config,YKK7275901,2015 Kildemoes Street Sport 7 Gear,"str, farve",Platinum Matt,59,,"Komfortabel, Praktisk og lidt sporty Citybike med indvendige gear og  Rullebremser","Street Sport har en lettere fremadrettet kørestiling, samt gode styreegenskaber pga. en længere afstand mellem hjulene end på sportscyklerne. Stadig med mulighed for en hurtiger fremdrift end på de City modellerne. Alu stel, 7 indvendige Shimano Nexus gear, IM45 Rullebremser, indfarvet bagagebærer, indfarvet skærme, lås, baglygte, X3 dæk 700x28c",10kg,"5,999.00",,
simple,2015-kildemoes-Street-Sport-7gear-herre-config,YKK7276201,2015 Kildemoes Street Sport 7 Gear,"str, farve",Platinum Matt,62,,"Komfortabel, Praktisk og lidt sporty Citybike med indvendige gear og  Rullebremser","Street Sport har en lettere fremadrettet kørestiling, samt gode styreegenskaber pga. en længere afstand mellem hjulene end på sportscyklerne. Stadig med mulighed for en hurtiger fremdrift end på de City modellerne. Alu stel, 7 indvendige Shimano Nexus gear, IM45 Rullebremser, indfarvet bagagebærer, indfarvet skærme, lås, baglygte, X3 dæk 700x28c",10kg,"5,999.00",,
simple,2015-kildemoes-Street-Sport-7gear-herre-config,YKK7275502,2015 Kildemoes Street Sport 7 Gear,"str, farve",Misty Blue Matt,55,,"Komfortabel, Praktisk og lidt sporty Citybike med indvendige gear og  Rullebremser","Street Sport har en lettere fremadrettet kørestiling, samt gode styreegenskaber pga. en længere afstand mellem hjulene end på sportscyklerne. Stadig med mulighed for en hurtiger fremdrift end på de City modellerne. Alu stel, 7 indvendige Shimano Nexus gear, IM45 Rullebremser, indfarvet bagagebærer, indfarvet skærme, lås, baglygte, X3 dæk 700x28c",10kg,"5,999.00",,
simple,2015-kildemoes-Street-Sport-7gear-herre-config,YKK7275902,2015 Kildemoes Street Sport 7 Gear,"str, farve",Misty Blue Matt,59,,"Komfortabel, Praktisk og lidt sporty Citybike med indvendige gear og  Rullebremser","Street Sport har en lettere fremadrettet kørestiling, samt gode styreegenskaber pga. en længere afstand mellem hjulene end på sportscyklerne. Stadig med mulighed for en hurtiger fremdrift end på de City modellerne. Alu stel, 7 indvendige Shimano Nexus gear, IM45 Rullebremser, indfarvet bagagebærer, indfarvet skærme, lås, baglygte, X3 dæk 700x28c",10kg,"5,999.00",,
simple,2015-kildemoes-Street-Sport-7gear-herre-config,YKK7276202,2015 Kildemoes Street Sport 7 Gear,"str, farve",Misty Blue Matt,62,,"Komfortabel, Praktisk og lidt sporty Citybike med indvendige gear og  Rullebremser","Street Sport har en lettere fremadrettet kørestiling, samt gode styreegenskaber pga. en længere afstand mellem hjulene end på sportscyklerne. Stadig med mulighed for en hurtiger fremdrift end på de City modellerne. Alu stel, 7 indvendige Shimano Nexus gear, IM45 Rullebremser, indfarvet bagagebærer, indfarvet skærme, lås, baglygte, X3 dæk 700x28c",10kg,"5,999.00",,
config,,2015-kildemoes-Street-Sport-7gear-dame-config,2015 Kildemoes Street Sport 7 Gear,,,,,"Komfortabel, Praktisk og lidt sporty Citybike med indvendige gear og  Rullebremser","Street Sport har en lettere fremadrettet kørestiling, samt gode styreegenskaber pga. en længere afstand mellem hjulene end på sportscyklerne. Stadig med mulighed for en hurtiger fremdrift end på de City modellerne. Alu stel, 7 indvendige Shimano Nexus gear, IM45 Rullebremser, indfarvet bagagebærer, indfarvet skærme, lås, baglygte, X3 dæk 700x28c",10kg,"5,999.00",,"DAME, Citybike"
simple,2015-kildemoes-Street-Sport-7gear-dame-config,YKK7374701,2015 Kildemoes Street Sport 7 Gear,"str, farve",Candy Black Matt,47,,"Komfortabel, Praktisk og lidt sporty Citybike med indvendige gear og  Rullebremser","Street Sport har en lettere fremadrettet kørestiling, samt gode styreegenskaber pga. en længere afstand mellem hjulene end på sportscyklerne. Stadig med mulighed for en hurtiger fremdrift end på de City modellerne. Alu stel, 7 indvendige Shimano Nexus gear, IM45 Rullebremser, indfarvet bagagebærer, indfarvet skærme, lås, baglygte, X3 dæk 700x28c",10kg,"5,999.00",,
simple,2015-kildemoes-Street-Sport-7gear-dame-config,YKK7375101,2015 Kildemoes Street Sport 7 Gear,"str, farve",Candy Black Matt,51,,"Komfortabel, Praktisk og lidt sporty Citybike med indvendige gear og  Rullebremser","Street Sport har en lettere fremadrettet kørestiling, samt gode styreegenskaber pga. en længere afstand mellem hjulene end på sportscyklerne. Stadig med mulighed for en hurtiger fremdrift end på de City modellerne. Alu stel, 7 indvendige Shimano Nexus gear, IM45 Rullebremser, indfarvet bagagebærer, indfarvet skærme, lås, baglygte, X3 dæk 700x28c",10kg,"5,999.00",,
simple,2015-kildemoes-Street-Sport-7gear-dame-config,YKK7375501,2015 Kildemoes Street Sport 7 Gear,"str, farve",Candy Black Matt,55,,"Komfortabel, Praktisk og lidt sporty Citybike med indvendige gear og  Rullebremser","Street Sport har en lettere fremadrettet kørestiling, samt gode styreegenskaber pga. en længere afstand mellem hjulene end på sportscyklerne. Stadig med mulighed for en hurtiger fremdrift end på de City modellerne. Alu stel, 7 indvendige Shimano Nexus gear, IM45 Rullebremser, indfarvet bagagebærer, indfarvet skærme, lås, baglygte, X3 dæk 700x28c",10kg,"5,999.00",,
simple,2015-kildemoes-Street-Sport-7gear-dame-config,YKK7375901,2015 Kildemoes Street Sport 7 Gear,"str, farve",Candy Black Matt,59,,"Komfortabel, Praktisk og lidt sporty Citybike med indvendige gear og  Rullebremser","Street Sport har en lettere fremadrettet kørestiling, samt gode styreegenskaber pga. en længere afstand mellem hjulene end på sportscyklerne. Stadig med mulighed for en hurtiger fremdrift end på de City modellerne. Alu stel, 7 indvendige Shimano Nexus gear, IM45 Rullebremser, indfarvet bagagebærer, indfarvet skærme, lås, baglygte, X3 dæk 700x28c",10kg,"5,999.00",,
simple,2015-kildemoes-Street-Sport-7gear-dame-config,YKK7375102,2015 Kildemoes Street Sport 7 Gear,"str, farve",Hammer Steel Matt,51,,"Komfortabel, Praktisk og lidt sporty Citybike med indvendige gear og  Rullebremser","Street Sport har en lettere fremadrettet kørestiling, samt gode styreegenskaber pga. en længere afstand mellem hjulene end på sportscyklerne. Stadig med mulighed for en hurtiger fremdrift end på de City modellerne. Alu stel, 7 indvendige Shimano Nexus gear, IM45 Rullebremser, indfarvet bagagebærer, indfarvet skærme, lås, baglygte, X3 dæk 700x28c",10kg,"5,999.00",,
simple,2015-kildemoes-Street-Sport-7gear-dame-config,YKK7375502,2015 Kildemoes Street Sport 7 Gear,"str, farve",Hammer Steel Matt,55,,"Komfortabel, Praktisk og lidt sporty Citybike med indvendige gear og  Rullebremser","Street Sport har en lettere fremadrettet kørestiling, samt gode styreegenskaber pga. en længere afstand mellem hjulene end på sportscyklerne. Stadig med mulighed for en hurtiger fremdrift end på de City modellerne. Alu stel, 7 indvendige Shimano Nexus gear, IM45 Rullebremser, indfarvet bagagebærer, indfarvet skærme, lås, baglygte, X3 dæk 700x28c",10kg,"5,999.00",,
config,,2015-kildemoes-Street-Sport-8gear-herre-config,2015 Kildemoes Street Sport 8 Gear,,,,,"Komfortabel, Praktisk og lidt sporty Citybike med udvendige gear og  Rullebremser","Street Sport har en lettere fremadrettet kørestiling, samt gode styreegenskaber pga. en længere afstand mellem hjulene end på sportscyklerne. Stadig med mulighed for en hurtiger fremdrift end på de City modellerne. Alu stel, 8 udvendige Shimano Claris gear, IM45 Rullebremser, indfarvet bagagebærer, indfarvet skærme, lås, baglygte, X3 dæk 700x28c",10kg,"5,999.00",,"HERRE, Citybikes&klassik"
simple,2015-kildemoes-Street-Sport-8gear-herre-config,YKK7285501,2015 Kildemoes Street Sport 8 Gear,"str, farve",Black Purple Matt,55,,"Komfortabel, Praktisk og lidt sporty Citybike med udvendige gear og  Rullebremser","Street Sport har en lettere fremadrettet kørestiling, samt gode styreegenskaber pga. en længere afstand mellem hjulene end på sportscyklerne. Stadig med mulighed for en hurtiger fremdrift end på de City modellerne. Alu stel, 8 udvendige Shimano Claris gear, IM45 Rullebremser, indfarvet bagagebærer, indfarvet skærme, lås, baglygte, X3 dæk 700x28c",10kg,"5,999.00",,
simple,2015-kildemoes-Street-Sport-8gear-herre-config,YKK7285901,2015 Kildemoes Street Sport 8 Gear,"str, farve",Black Purple Matt,59,,"Komfortabel, Praktisk og lidt sporty Citybike med udvendige gear og  Rullebremser","Street Sport har en lettere fremadrettet kørestiling, samt gode styreegenskaber pga. en længere afstand mellem hjulene end på sportscyklerne. Stadig med mulighed for en hurtiger fremdrift end på de City modellerne. Alu stel, 8 udvendige Shimano Claris gear, IM45 Rullebremser, indfarvet bagagebærer, indfarvet skærme, lås, baglygte, X3 dæk 700x28c",10kg,"5,999.00",,
config,,2015-kildemoes-Street-Sport-8gear-dame-config,2015 Kildemoes Street Sport 8 Gear,,,,,"Komfortabel, Praktisk og lidt sporty Citybike med udvendige gear og  Rullebremser","Street Sport har en lettere fremadrettet kørestiling, samt gode styreegenskaber pga. en længere afstand mellem hjulene end på sportscyklerne. Stadig med mulighed for en hurtiger fremdrift end på de City modellerne. Alu stel, 8 udvendige Shimano Claris gear, IM45 Rullebremser, indfarvet bagagebærer, indfarvet skærme, lås, baglygte, X3 dæk 700x28c",10kg,"5,999.00",,"DAME, Citybike"
simple,2015-kildemoes-Street-Sport-8gear-dame-config,YKK7385101,2015 Kildemoes Street Sport 8 Gear,"str, farve",Reptile Black Matt,51,,"Komfortabel, Praktisk og lidt sporty Citybike med udvendige gear og  Rullebremser","Street Sport har en lettere fremadrettet kørestiling, samt gode styreegenskaber pga. en længere afstand mellem hjulene end på sportscyklerne. Stadig med mulighed for en hurtiger fremdrift end på de City modellerne. Alu stel, 8 udvendige Shimano Claris gear, IM45 Rullebremser, indfarvet bagagebærer, indfarvet skærme, lås, baglygte, X3 dæk 700x28c",10kg,"5,999.00",,
simple,2015-kildemoes-Street-Sport-8gear-dame-config,YKK7385501,2015 Kildemoes Street Sport 8 Gear,"str, farve",Reptile Black Matt,55,,"Komfortabel, Praktisk og lidt sporty Citybike med udvendige gear og  Rullebremser","Street Sport har en lettere fremadrettet kørestiling, samt gode styreegenskaber pga. en længere afstand mellem hjulene end på sportscyklerne. Stadig med mulighed for en hurtiger fremdrift end på de City modellerne. Alu stel, 8 udvendige Shimano Claris gear, IM45 Rullebremser, indfarvet bagagebærer, indfarvet skærme, lås, baglygte, X3 dæk 700x28c",10kg,"5,999.00",,
config,,2015-kildemoes-Street-Colibri-7gear-dynamo-herre-config,2015 Kildemoes Street Colibri 7 Gear Dynamo,,,,,"Komfortabel, Praktisk og lidt sporty Citybike med indvendige gear og  Rullebremser","Street Sport har en lettere fremadrettet kørestiling, samt gode styreegenskaber pga. en længere afstand mellem hjulene end på sportscyklerne. Stadig med mulighed for en hurtiger fremdrift end på de City modellerne. Alu stel, 7 indvendige Shimano Nexus gear, IM45 Rullebremser, indfarvet bagagebærer, indfarvet skærme, lås, baglygte, dynamoforlygte, justerbar frempind, X3 dæk 700x28c",10kg,"6,299.00",,"HERRE, Citybikes&klassik"
simple,2015-kildemoes-Street-Colibri-7gear-dynamo-herre-config,YKK7875101,2015 Kildemoes Street Colibri 7 Gear Dynamo,"str, farve",Soft Midnight Sky,51,,"Komfortabel, Praktisk og lidt sporty Citybike med indvendige gear og  Rullebremser","Street Sport har en lettere fremadrettet kørestiling, samt gode styreegenskaber pga. en længere afstand mellem hjulene end på sportscyklerne. Stadig med mulighed for en hurtiger fremdrift end på de City modellerne. Alu stel, 7 indvendige Shimano Nexus gear, IM45 Rullebremser, indfarvet bagagebærer, indfarvet skærme, lås, baglygte, dynamoforlygte, justerbar frempind, X3 dæk 700x28c",10kg,"6,299.00",,
simple,2015-kildemoes-Street-Colibri-7gear-dynamo-herre-config,YKK7875501,2015 Kildemoes Street Colibri 7 Gear Dynamo,"str, farve",Soft Midnight Sky,55,,"Komfortabel, Praktisk og lidt sporty Citybike med indvendige gear og  Rullebremser","Street Sport har en lettere fremadrettet kørestiling, samt gode styreegenskaber pga. en længere afstand mellem hjulene end på sportscyklerne. Stadig med mulighed for en hurtiger fremdrift end på de City modellerne. Alu stel, 7 indvendige Shimano Nexus gear, IM45 Rullebremser, indfarvet bagagebærer, indfarvet skærme, lås, baglygte, dynamoforlygte, justerbar frempind, X3 dæk 700x28c",10kg,"6,299.00",,
simple,2015-kildemoes-Street-Colibri-7gear-dynamo-herre-config,YKK7875901,2015 Kildemoes Street Colibri 7 Gear Dynamo,"str, farve",Soft Midnight Sky,59,,"Komfortabel, Praktisk og lidt sporty Citybike med indvendige gear og  Rullebremser","Street Sport har en lettere fremadrettet kørestiling, samt gode styreegenskaber pga. en længere afstand mellem hjulene end på sportscyklerne. Stadig med mulighed for en hurtiger fremdrift end på de City modellerne. Alu stel, 7 indvendige Shimano Nexus gear, IM45 Rullebremser, indfarvet bagagebærer, indfarvet skærme, lås, baglygte, dynamoforlygte, justerbar frempind, X3 dæk 700x28c",10kg,"6,299.00",,
simple,2015-kildemoes-Street-Colibri-7gear-dynamo-herre-config,YKK7876201,2015 Kildemoes Street Colibri 7 Gear Dynamo,"str, farve",Soft Midnight Sky,62,,"Komfortabel, Praktisk og lidt sporty Citybike med indvendige gear og  Rullebremser","Street Sport har en lettere fremadrettet kørestiling, samt gode styreegenskaber pga. en længere afstand mellem hjulene end på sportscyklerne. Stadig med mulighed for en hurtiger fremdrift end på de City modellerne. Alu stel, 7 indvendige Shimano Nexus gear, IM45 Rullebremser, indfarvet bagagebærer, indfarvet skærme, lås, baglygte, dynamoforlygte, justerbar frempind, X3 dæk 700x28c",10kg,"6,299.00",,
config,,2015-kildemoes-Street-Colibri-7gear-dynamo-dame-config,2015 Kildemoes Street Colibri 7 Gear Dynamo,,,,,"Komfortabel, Praktisk og lidt sporty Citybike med indvendige gear og  Rullebremser","Street Sport har en lettere fremadrettet kørestiling, samt gode styreegenskaber pga. en længere afstand mellem hjulene end på sportscyklerne. Stadig med mulighed for en hurtiger fremdrift end på de City modellerne. Alu stel, 7 indvendige Shimano Nexus gear, IM45 Rullebremser, indfarvet bagagebærer, indfarvet skærme, lås, baglygte, dynamoforlygte, justerbar frempind, X3 dæk 700x28c",10kg,"6,299.00",,"DAME, Citybike"
simple,2015-kildemoes-Street-Colibri-7gear-dynamo-dame-config,YKK7974701,2015 Kildemoes Street Colibri 7 Gear Dynamo,"str, farve",Black Gold Matt,47,,"Komfortabel, Praktisk og lidt sporty Citybike med indvendige gear og  Rullebremser","Street Sport har en lettere fremadrettet kørestiling, samt gode styreegenskaber pga. en længere afstand mellem hjulene end på sportscyklerne. Stadig med mulighed for en hurtiger fremdrift end på de City modellerne. Alu stel, 7 indvendige Shimano Nexus gear, IM45 Rullebremser, indfarvet bagagebærer, indfarvet skærme, lås, baglygte, dynamoforlygte, justerbar frempind, X3 dæk 700x28c",10kg,"6,299.00",,
simple,2015-kildemoes-Street-Colibri-7gear-dynamo-dame-config,YKK7975101,2015 Kildemoes Street Colibri 7 Gear Dynamo,"str, farve",Black Gold Matt,51,,"Komfortabel, Praktisk og lidt sporty Citybike med indvendige gear og  Rullebremser","Street Sport har en lettere fremadrettet kørestiling, samt gode styreegenskaber pga. en længere afstand mellem hjulene end på sportscyklerne. Stadig med mulighed for en hurtiger fremdrift end på de City modellerne. Alu stel, 7 indvendige Shimano Nexus gear, IM45 Rullebremser, indfarvet bagagebærer, indfarvet skærme, lås, baglygte, dynamoforlygte, justerbar frempind, X3 dæk 700x28c",10kg,"6,299.00",,
simple,2015-kildemoes-Street-Colibri-7gear-dynamo-dame-config,YKK7975501,2015 Kildemoes Street Colibri 7 Gear Dynamo,"str, farve",Black Gold Matt,55,,"Komfortabel, Praktisk og lidt sporty Citybike med indvendige gear og  Rullebremser","Street Sport har en lettere fremadrettet kørestiling, samt gode styreegenskaber pga. en længere afstand mellem hjulene end på sportscyklerne. Stadig med mulighed for en hurtiger fremdrift end på de City modellerne. Alu stel, 7 indvendige Shimano Nexus gear, IM45 Rullebremser, indfarvet bagagebærer, indfarvet skærme, lås, baglygte, dynamoforlygte, justerbar frempind, X3 dæk 700x28c",10kg,"6,299.00",,
simple,2015-kildemoes-Street-Colibri-7gear-dynamo-dame-config,YKK7975901,2015 Kildemoes Street Colibri 7 Gear Dynamo,"str, farve",Black Gold Matt,59,,"Komfortabel, Praktisk og lidt sporty Citybike med indvendige gear og  Rullebremser","Street Sport har en lettere fremadrettet kørestiling, samt gode styreegenskaber pga. en længere afstand mellem hjulene end på sportscyklerne. Stadig med mulighed for en hurtiger fremdrift end på de City modellerne. Alu stel, 7 indvendige Shimano Nexus gear, IM45 Rullebremser, indfarvet bagagebærer, indfarvet skærme, lås, baglygte, dynamoforlygte, justerbar frempind, X3 dæk 700x28c",10kg,"6,299.00",,
config,,2015-kildemoes-city-7gear-herre-config,2015 Kildemoes City 7 Gear,,,,,Fuld komfort og styr på tingene. Klassik cykel med indvendige gear og fodbremse,"City cyklen er konstrueret til en opret kørestilling, hvilket kombineret med den tilpassende styrbredde fremmer styreegenskaberne og øger kørekomfort. Alu stel, 7 indvendige Shimano Nexus gear, lukket kædeskærm, bagagebærer, skærme, lås, baglygte, justerbar frempind, X5 dæk 700x35c",10kg,"4,999.00",,"HERRE, Citybikes&klassik"
simple,2015-kildemoes-city-7gear-herre-config,YKK2075101,2015 Kildemoes City 7 Gear,"str, farve",Black,51,,Fuld komfort og styr på tingene. Klassik cykel med indvendige gear og fodbremse,"City cyklen er konstrueret til en opret kørestilling, hvilket kombineret med den tilpassende styrbredde fremmer styreegenskaberne og øger kørekomfort. Alu stel, 7 indvendige Shimano Nexus gear, lukket kædeskærm, bagagebærer, skærme, lås, baglygte, justerbar frempind, X5 dæk 700x35c",10kg,"4,999.00",,
simple,2015-kildemoes-city-7gear-herre-config,YKK2075501,2015 Kildemoes City 7 Gear,"str, farve",Black,55,,Fuld komfort og styr på tingene. Klassik cykel med indvendige gear og fodbremse,"City cyklen er konstrueret til en opret kørestilling, hvilket kombineret med den tilpassende styrbredde fremmer styreegenskaberne og øger kørekomfort. Alu stel, 7 indvendige Shimano Nexus gear, lukket kædeskærm, bagagebærer, skærme, lås, baglygte, justerbar frempind, X5 dæk 700x35c",10kg,"4,999.00",,
simple,2015-kildemoes-city-7gear-herre-config,YKK2075901,2015 Kildemoes City 7 Gear,"str, farve",Black,59,,Fuld komfort og styr på tingene. Klassik cykel med indvendige gear og fodbremse,"City cyklen er konstrueret til en opret kørestilling, hvilket kombineret med den tilpassende styrbredde fremmer styreegenskaberne og øger kørekomfort. Alu stel, 7 indvendige Shimano Nexus gear, lukket kædeskærm, bagagebærer, skærme, lås, baglygte, justerbar frempind, X5 dæk 700x35c",10kg,"4,999.00",,
simple,2015-kildemoes-city-7gear-herre-config,YKK2076201,2015 Kildemoes City 7 Gear,"str, farve",Black,62,,Fuld komfort og styr på tingene. Klassik cykel med indvendige gear og fodbremse,"City cyklen er konstrueret til en opret kørestilling, hvilket kombineret med den tilpassende styrbredde fremmer styreegenskaberne og øger kørekomfort. Alu stel, 7 indvendige Shimano Nexus gear, lukket kædeskærm, bagagebærer, skærme, lås, baglygte, justerbar frempind, X5 dæk 700x35c",10kg,"4,999.00",,
config,,2015-kildemoes-city-7gear-dame-config,2015 Kildemoes City 7 Gear,,,,,Fuld komfort og styr på tingene. Klassik cykel med indvendige gear og fodbremse,"City cyklen er konstrueret til en opret kørestilling, hvilket kombineret med den tilpassende styrbredde fremmer styreegenskaberne og øger kørekomfort. Alu stel, 7 indvendige Shimano Nexus gear, lukket kædeskærm, bagagebærer, skærme, lås, baglygte, justerbar frempind, X5 dæk 700x35c",10kg,"4,999.00",,"DAME, CtiyShopping, Retro & Classic"
simple,2015-kildemoes-city-7gear-dame-config,YKK2174701,2015 Kildemoes City 7 Gear,"str, farve",Black,47,,Fuld komfort og styr på tingene. Klassik cykel med indvendige gear og fodbremse,"City cyklen er konstrueret til en opret kørestilling, hvilket kombineret med den tilpassende styrbredde fremmer styreegenskaberne og øger kørekomfort. Alu stel, 7 indvendige Shimano Nexus gear, lukket kædeskærm, bagagebærer, skærme, lås, baglygte, justerbar frempind, X5 dæk 700x35c",10kg,"4,999.00",,
simple,2015-kildemoes-city-7gear-dame-config,YKK2175101,2015 Kildemoes City 7 Gear,"str, farve",Black,51,,Fuld komfort og styr på tingene. Klassik cykel med indvendige gear og fodbremse,"City cyklen er konstrueret til en opret kørestilling, hvilket kombineret med den tilpassende styrbredde fremmer styreegenskaberne og øger kørekomfort. Alu stel, 7 indvendige Shimano Nexus gear, lukket kædeskærm, bagagebærer, skærme, lås, baglygte, justerbar frempind, X5 dæk 700x35c",10kg,"4,999.00",,
simple,2015-kildemoes-city-7gear-dame-config,YKK2175501,2015 Kildemoes City 7 Gear,"str, farve",Black,55,,Fuld komfort og styr på tingene. Klassik cykel med indvendige gear og fodbremse,"City cyklen er konstrueret til en opret kørestilling, hvilket kombineret med den tilpassende styrbredde fremmer styreegenskaberne og øger kørekomfort. Alu stel, 7 indvendige Shimano Nexus gear, lukket kædeskærm, bagagebærer, skærme, lås, baglygte, justerbar frempind, X5 dæk 700x35c",10kg,"4,999.00",,
config,,2015-kildemoes-city-7gear-dynamo-herre-config,2015 Kildemoes City 7 Gear Dynamo,,,,,"Fuld komfort og styr på tingene. Klassik cykel med indvendige gear, fodbremse og Dynamo","City cyklen er konstrueret til en opret kørestilling, hvilket kombineret med den tilpassende styrbredde fremmer styreegenskaberne og øger kørekomfort. Alu stel, 7 indvendige Shimano Nexus gear, lukket kædeskærm, bagagebærer, skærme, lås, baglygte, dynamoforlygte, justerbar frempind, X5 dæk 700x35c",10kg,,,"HERRE, Citybikes&klassik"
simple,2015-kildemoes-city-7gear-dynamo-herre-config,YKK2875101,2015 Kildemoes City 7 Gear,"str, farve",Light Silver,51,,"Fuld komfort og styr på tingene. Klassik cykel med indvendige gear, fodbremse og Dynamo","City cyklen er konstrueret til en opret kørestilling, hvilket kombineret med den tilpassende styrbredde fremmer styreegenskaberne og øger kørekomfort. Alu stel, 7 indvendige Shimano Nexus gear, lukket kædeskærm, bagagebærer, skærme, lås, baglygte, dynamoforlygte, justerbar frempind, X5 dæk 700x35c",10kg,"5,499.00",,
simple,2015-kildemoes-city-7gear-dynamo-herre-config,YKK2875501,2015 Kildemoes City 7 Gear,"str, farve",Light Silver,55,,"Fuld komfort og styr på tingene. Klassik cykel med indvendige gear, fodbremse og Dynamo","City cyklen er konstrueret til en opret kørestilling, hvilket kombineret med den tilpassende styrbredde fremmer styreegenskaberne og øger kørekomfort. Alu stel, 7 indvendige Shimano Nexus gear, lukket kædeskærm, bagagebærer, skærme, lås, baglygte, dynamoforlygte, justerbar frempind, X5 dæk 700x35c",10kg,"5,499.00",,
simple,2015-kildemoes-city-7gear-dynamo-herre-config,YKK2875901,2015 Kildemoes City 7 Gear,"str, farve",Light Silver,59,,"Fuld komfort og styr på tingene. Klassik cykel med indvendige gear, fodbremse og Dynamo","City cyklen er konstrueret til en opret kørestilling, hvilket kombineret med den tilpassende styrbredde fremmer styreegenskaberne og øger kørekomfort. Alu stel, 7 indvendige Shimano Nexus gear, lukket kædeskærm, bagagebærer, skærme, lås, baglygte, dynamoforlygte, justerbar frempind, X5 dæk 700x35c",10kg,"5,499.00",,
config,,2015-kildemoes-city-shopping-7gear-dame-config,2015 Kildemoes City Shopping 7 Gear,,,,,Fuld komfort og styr på tingene. Klassik cykel med indvendige gear og fodbremse,"City Shopping er konstrueret til en opret kørestilling, hvilket kombineret med den tilpassende styrbredde fremmer styreegenskaberne og øger kørekomfort. Alu stel, 7 indvendige Shimano Nexus gear, lukket kædeskærm, bagagebærer, skærme, lås, baglygte, justerbar frempind, X5 dæk 700x35c",10kg,"5,199.00",,"DAME, CtiyShopping, Retro & Classic"
simple,2015-kildemoes-city-shopping-7gear-dame-config,YKK2574701,2015 Kildemoes City Shopping 7 Gear,"str, farve",Black,47,,Fuld komfort og styr på tingene. Klassik cykel med indvendige gear og fodbremse,"City Shopping er konstrueret til en opret kørestilling, hvilket kombineret med den tilpassende styrbredde fremmer styreegenskaberne og øger kørekomfort. Alu stel, 7 indvendige Shimano Nexus gear, lukket kædeskærm, bagagebærer, skærme, lås, baglygte, justerbar frempind, X5 dæk 700x35c",10kg,"5,199.00",,
simple,2015-kildemoes-city-shopping-7gear-dame-config,YKK2575101,2015 Kildemoes City Shopping 7 Gear,"str, farve",Black,51,,Fuld komfort og styr på tingene. Klassik cykel med indvendige gear og fodbremse,"City Shopping er konstrueret til en opret kørestilling, hvilket kombineret med den tilpassende styrbredde fremmer styreegenskaberne og øger kørekomfort. Alu stel, 7 indvendige Shimano Nexus gear, lukket kædeskærm, bagagebærer, skærme, lås, baglygte, justerbar frempind, X5 dæk 700x35c",10kg,"5,199.00",,
simple,2015-kildemoes-city-shopping-7gear-dame-config,YKK2575501,2015 Kildemoes City Shopping 7 Gear,"str, farve",Black,55,,Fuld komfort og styr på tingene. Klassik cykel med indvendige gear og fodbremse,"City Shopping er konstrueret til en opret kørestilling, hvilket kombineret med den tilpassende styrbredde fremmer styreegenskaberne og øger kørekomfort. Alu stel, 7 indvendige Shimano Nexus gear, lukket kædeskærm, bagagebærer, skærme, lås, baglygte, justerbar frempind, X5 dæk 700x35c",10kg,"5,199.00",,
simple,2015-kildemoes-city-shopping-7gear-dame-config,YKK2574702,2015 Kildemoes City Shopping 7 Gear,"str, farve",White,47,,Fuld komfort og styr på tingene. Klassik cykel med indvendige gear og fodbremse,"City Shopping er konstrueret til en opret kørestilling, hvilket kombineret med den tilpassende styrbredde fremmer styreegenskaberne og øger kørekomfort. Alu stel, 7 indvendige Shimano Nexus gear, lukket kædeskærm, bagagebærer, skærme, lås, baglygte, justerbar frempind, X5 dæk 700x35c",10kg,"5,199.00",,
simple,2015-kildemoes-city-shopping-7gear-dame-config,YKK2575102,2015 Kildemoes City Shopping 7 Gear,"str, farve",White,51,,Fuld komfort og styr på tingene. Klassik cykel med indvendige gear og fodbremse,"City Shopping er konstrueret til en opret kørestilling, hvilket kombineret med den tilpassende styrbredde fremmer styreegenskaberne og øger kørekomfort. Alu stel, 7 indvendige Shimano Nexus gear, lukket kædeskærm, bagagebærer, skærme, lås, baglygte, justerbar frempind, X5 dæk 700x35c",10kg,"5,199.00",,
config,,"2015-kildemoes-city-shopping-7gear-26""-dame-config","2015 Kildemoes City Shopping 7 Gear 26""",,,,,Fuld komfort og styr på tingene. Klassik cykel med indvendige gear og fodbremse,"City Shopping er konstrueret til en opret kørestilling, hvilket kombineret med den tilpassende styrbredde fremmer styreegenskaberne og øger kørekomfort. Alu stel, 7 indvendige Shimano Nexus gear, lukket kædeskærm, bagagebærer, skærme, lås, baglygte, justerbar frempind, X5 dæk 47-559",10kg,"5,199.00",,"DAME, CtiyShopping, Retro & Classic"
simple,"2015-kildemoes-city-shopping-7gear-26""-dame-config",YKK5974701,"2015 Kildemoes City Shopping 7 Gear 26""","str, farve",Black,47,,Fuld komfort og styr på tingene. Klassik cykel med indvendige gear og fodbremse,"City Shopping er konstrueret til en opret kørestilling, hvilket kombineret med den tilpassende styrbredde fremmer styreegenskaberne og øger kørekomfort. Alu stel, 7 indvendige Shimano Nexus gear, lukket kædeskærm, bagagebærer, skærme, lås, baglygte, justerbar frempind, X5 dæk 47-559",10kg,"5,199.00",,
config,,2015-kildemoes-city-shopping-7gear-dynamo-dame-config,2015 Kildemoes City Shopping 7 Gear Dynamo,,,,,"Fuld komfort og styr på tingene. Klassik cykel med indvendige gear, fodbremse og dynamo","City Shopping er konstrueret til en opret kørestilling, hvilket kombineret med den tilpassende styrbredde fremmer styreegenskaberne og øger kørekomfort. Alu stel, 7 indvendige Shimano Nexus gear, lukket kædeskærm, bagagebærer, skærme, lås, baglygte, dynamoforlygte, justerbar frempind, X5 dæk 700x35c",10kg,"5,699.00",,"DAME, CtiyShopping, Retro & Classic"
simple,2015-kildemoes-city-shopping-7gear-dynamo-dame-config,YKK2974701,2015 Kildemoes City Shopping 7 Gear Dynamo,"str, farve",Light Silver Matt,47,,"Fuld komfort og styr på tingene. Klassik cykel med indvendige gear, fodbremse og dynamo","City Shopping er konstrueret til en opret kørestilling, hvilket kombineret med den tilpassende styrbredde fremmer styreegenskaberne og øger kørekomfort. Alu stel, 7 indvendige Shimano Nexus gear, lukket kædeskærm, bagagebærer, skærme, lås, baglygte, dynamoforlygte, justerbar frempind, X5 dæk 700x35c",10kg,"5,699.00",,
simple,2015-kildemoes-city-shopping-7gear-dynamo-dame-config,YKK2975101,2015 Kildemoes City Shopping 7 Gear Dynamo,"str, farve",Light Silver Matt,51,,"Fuld komfort og styr på tingene. Klassik cykel med indvendige gear, fodbremse og dynamo","City Shopping er konstrueret til en opret kørestilling, hvilket kombineret med den tilpassende styrbredde fremmer styreegenskaberne og øger kørekomfort. Alu stel, 7 indvendige Shimano Nexus gear, lukket kædeskærm, bagagebærer, skærme, lås, baglygte, dynamoforlygte, justerbar frempind, X5 dæk 700x35c",10kg,"5,699.00",,
simple,2015-kildemoes-city-shopping-7gear-dynamo-dame-config,YKK2975501,2015 Kildemoes City Shopping 7 Gear Dynamo,"str, farve",Light Silver Matt,55,,"Fuld komfort og styr på tingene. Klassik cykel med indvendige gear, fodbremse og dynamo","City Shopping er konstrueret til en opret kørestilling, hvilket kombineret med den tilpassende styrbredde fremmer styreegenskaberne og øger kørekomfort. Alu stel, 7 indvendige Shimano Nexus gear, lukket kædeskærm, bagagebærer, skærme, lås, baglygte, dynamoforlygte, justerbar frempind, X5 dæk 700x35c",10kg,"5,699.00",,
config,,2015-kildemoes-city-retro-3gear-dame-config,2015 Kildemoes City Retro 3 Gear,,,,,Fuld komfort og styr på tingene. Klassik cykel med indvendige gear og fodbremse,"City Retro er konstrueret til en opret kørestilling, hvilket kombineret med den tilpassende styrbredde fremmer styreegenskaberne og øger kørekomfort. Alu stel, 3 indvendige Shimano Nexus gear, lukket kædeskærm, bagagebærer, skærme, lås, baglygte, justerbar frempind, X5 dæk 700x35c",10kg,"4,499.00",,"DAME, CtiyShopping, Retro & Classic"
simple,2015-kildemoes-city-retro-3gear-dame-config,YKK2334701,2015 Kildemoes City Retro 3 Gear,"str, farve",Black,47,,Fuld komfort og styr på tingene. Klassik cykel med indvendige gear og fodbremse,"City Retro er konstrueret til en opret kørestilling, hvilket kombineret med den tilpassende styrbredde fremmer styreegenskaberne og øger kørekomfort. Alu stel, 3 indvendige Shimano Nexus gear, lukket kædeskærm, bagagebærer, skærme, lås, baglygte, justerbar frempind, X5 dæk 700x35c",10kg,"4,499.00",,
simple,2015-kildemoes-city-retro-3gear-dame-config,YKK2335101,2015 Kildemoes City Retro 3 Gear,"str, farve",Black,51,,Fuld komfort og styr på tingene. Klassik cykel med indvendige gear og fodbremse,"City Retro er konstrueret til en opret kørestilling, hvilket kombineret med den tilpassende styrbredde fremmer styreegenskaberne og øger kørekomfort. Alu stel, 3 indvendige Shimano Nexus gear, lukket kædeskærm, bagagebærer, skærme, lås, baglygte, justerbar frempind, X5 dæk 700x35c",10kg,"4,499.00",,
simple,2015-kildemoes-city-retro-3gear-dame-config,YKK2335501,2015 Kildemoes City Retro 3 Gear,"str, farve",Black,55,,Fuld komfort og styr på tingene. Klassik cykel med indvendige gear og fodbremse,"City Retro er konstrueret til en opret kørestilling, hvilket kombineret med den tilpassende styrbredde fremmer styreegenskaberne og øger kørekomfort. Alu stel, 3 indvendige Shimano Nexus gear, lukket kædeskærm, bagagebærer, skærme, lås, baglygte, justerbar frempind, X5 dæk 700x35c",10kg,"4,499.00",,
config,,2015-kildemoes-city-retro-7gear-dame-config,2015 Kildemoes City Retro 7 Gear,,,,,Fuld komfort og styr på tingene. Klassik cykel med indvendige gear og fodbremse,"City Retro er konstrueret til en opret kørestilling, hvilket kombineret med den tilpassende styrbredde fremmer styreegenskaberne og øger kørekomfort. Alu stel, 7 indvendige Shimano Nexus gear, lukket kædeskærm, bagagebærer, skærme, lås, baglygte, justerbar frempind, X5 dæk 700x35c",10kg,"4,999.00",,"DAME, CtiyShopping, Retro & Classic"
simple,2015-kildemoes-city-retro-7gear-dame-config,YKK2374701,2015 Kildemoes City Retro 7 Gear,"str, farve",Black,47,,Fuld komfort og styr på tingene. Klassik cykel med indvendige gear og fodbremse,"City Retro er konstrueret til en opret kørestilling, hvilket kombineret med den tilpassende styrbredde fremmer styreegenskaberne og øger kørekomfort. Alu stel, 7 indvendige Shimano Nexus gear, lukket kædeskærm, bagagebærer, skærme, lås, baglygte, justerbar frempind, X5 dæk 700x35c",10kg,"4,999.00",,
simple,2015-kildemoes-city-retro-7gear-dame-config,YKK2375101,2015 Kildemoes City Retro 7 Gear,"str, farve",Black,51,,Fuld komfort og styr på tingene. Klassik cykel med indvendige gear og fodbremse,"City Retro er konstrueret til en opret kørestilling, hvilket kombineret med den tilpassende styrbredde fremmer styreegenskaberne og øger kørekomfort. Alu stel, 7 indvendige Shimano Nexus gear, lukket kædeskærm, bagagebærer, skærme, lås, baglygte, justerbar frempind, X5 dæk 700x35c",10kg,"4,999.00",,
simple,2015-kildemoes-city-retro-7gear-dame-config,YKK2375501,2015 Kildemoes City Retro 7 Gear,"str, farve",Black,55,,Fuld komfort og styr på tingene. Klassik cykel med indvendige gear og fodbremse,"City Retro er konstrueret til en opret kørestilling, hvilket kombineret med den tilpassende styrbredde fremmer styreegenskaberne og øger kørekomfort. Alu stel, 7 indvendige Shimano Nexus gear, lukket kædeskærm, bagagebærer, skærme, lås, baglygte, justerbar frempind, X5 dæk 700x35c",10kg,"4,999.00",,
simple,2015-kildemoes-city-retro-7gear-dame-config,YKK2374702,2015 Kildemoes City Retro 7 Gear,"str, farve",Light Silver,47,,Fuld komfort og styr på tingene. Klassik cykel med indvendige gear og fodbremse,"City Retro er konstrueret til en opret kørestilling, hvilket kombineret med den tilpassende styrbredde fremmer styreegenskaberne og øger kørekomfort. Alu stel, 7 indvendige Shimano Nexus gear, lukket kædeskærm, bagagebærer, skærme, lås, baglygte, justerbar frempind, X5 dæk 700x35c",10kg,"4,999.00",,
simple,2015-kildemoes-city-retro-7gear-dame-config,YKK2375102,2015 Kildemoes City Retro 7 Gear,"str, farve",Light Silver,51,,Fuld komfort og styr på tingene. Klassik cykel med indvendige gear og fodbremse,"City Retro er konstrueret til en opret kørestilling, hvilket kombineret med den tilpassende styrbredde fremmer styreegenskaberne og øger kørekomfort. Alu stel, 7 indvendige Shimano Nexus gear, lukket kædeskærm, bagagebærer, skærme, lås, baglygte, justerbar frempind, X5 dæk 700x35c",10kg,"4,999.00",,
simple,2015-kildemoes-city-retro-7gear-dame-config,YKK2374703,2015 Kildemoes City Retro 7 Gear,"str, farve",Calypso Green Matt,47,,Fuld komfort og styr på tingene. Klassik cykel med indvendige gear og fodbremse,"City Retro er konstrueret til en opret kørestilling, hvilket kombineret med den tilpassende styrbredde fremmer styreegenskaberne og øger kørekomfort. Alu stel, 7 indvendige Shimano Nexus gear, lukket kædeskærm, bagagebærer, skærme, lås, baglygte, justerbar frempind, X5 dæk 700x35c",10kg,"4,999.00",,
simple,2015-kildemoes-city-retro-7gear-dame-config,YKK2375103,2015 Kildemoes City Retro 7 Gear,"str, farve",Calypso Green Matt,51,,Fuld komfort og styr på tingene. Klassik cykel med indvendige gear og fodbremse,"City Retro er konstrueret til en opret kørestilling, hvilket kombineret med den tilpassende styrbredde fremmer styreegenskaberne og øger kørekomfort. Alu stel, 7 indvendige Shimano Nexus gear, lukket kædeskærm, bagagebærer, skærme, lås, baglygte, justerbar frempind, X5 dæk 700x35c",10kg,"4,999.00",,
config,,2015-kildemoes-city-retro-7gear-dynamo-dame-config,2015 Kildemoes City Retro 7 Gear Dynamo,,,,,"Fuld komfort og styr på tingene. Klassik cykel med indvendige gear, fodbremse og dynamo","City Retro er konstrueret til en opret kørestilling, hvilket kombineret med den tilpassende styrbredde fremmer styreegenskaberne og øger kørekomfort. Alu stel, 7 indvendige Shimano Nexus gear, lukket kædeskærm, bagagebærer, skærme, lås, baglygte, dynamoforlygte, justerbar frempind, X5 dæk 700x35c",10kg,"5,699.00",,"DAME, CtiyShopping, Retro & Classic"
simple,2015-kildemoes-city-retro-7gear-dynamo-dame-config,YKK2774701,2016 Kildemoes City Retro 7 Gear Dynamo,"str, farve",Steel Grey Matt,47,,"Fuld komfort og styr på tingene. Klassik cykel med indvendige gear, fodbremse og dynamo","City Retro er konstrueret til en opret kørestilling, hvilket kombineret med den tilpassende styrbredde fremmer styreegenskaberne og øger kørekomfort. Alu stel, 7 indvendige Shimano Nexus gear, lukket kædeskærm, bagagebærer, skærme, lås, baglygte, dynamoforlygte, justerbar frempind, X5 dæk 700x35c",10kg,"5,699.00",,
simple,2015-kildemoes-city-retro-7gear-dynamo-dame-config,YKK2775101,2017 Kildemoes City Retro 7 Gear Dynamo,"str, farve",Steel Grey Matt,51,,"Fuld komfort og styr på tingene. Klassik cykel med indvendige gear, fodbremse og dynamo","City Retro er konstrueret til en opret kørestilling, hvilket kombineret med den tilpassende styrbredde fremmer styreegenskaberne og øger kørekomfort. Alu stel, 7 indvendige Shimano Nexus gear, lukket kædeskærm, bagagebærer, skærme, lås, baglygte, dynamoforlygte, justerbar frempind, X5 dæk 700x35c",10kg,"5,699.00",,
simple,2015-kildemoes-city-retro-7gear-dynamo-dame-config,YKK2775501,2018 Kildemoes City Retro 7 Gear Dynamo,"str, farve",Steel Grey Matt,55,,"Fuld komfort og styr på tingene. Klassik cykel med indvendige gear, fodbremse og dynamo","City Retro er konstrueret til en opret kørestilling, hvilket kombineret med den tilpassende styrbredde fremmer styreegenskaberne og øger kørekomfort. Alu stel, 7 indvendige Shimano Nexus gear, lukket kædeskærm, bagagebærer, skærme, lås, baglygte, dynamoforlygte, justerbar frempind, X5 dæk 700x35c",10kg,"5,699.00",,
simple,2015-kildemoes-city-retro-7gear-dynamo-dame-config,YKK2774702,2019 Kildemoes City Retro 7 Gear Dynamo,"str, farve",White,47,,"Fuld komfort og styr på tingene. Klassik cykel med indvendige gear, fodbremse og dynamo","City Retro er konstrueret til en opret kørestilling, hvilket kombineret med den tilpassende styrbredde fremmer styreegenskaberne og øger kørekomfort. Alu stel, 7 indvendige Shimano Nexus gear, lukket kædeskærm, bagagebærer, skærme, lås, baglygte, dynamoforlygte, justerbar frempind, X5 dæk 700x35c",10kg,"5,699.00",,
simple,2015-kildemoes-city-retro-7gear-dynamo-dame-config,YKK2775102,2020 Kildemoes City Retro 7 Gear Dynamo,"str, farve",White,51,,"Fuld komfort og styr på tingene. Klassik cykel med indvendige gear, fodbremse og dynamo","City Retro er konstrueret til en opret kørestilling, hvilket kombineret med den tilpassende styrbredde fremmer styreegenskaberne og øger kørekomfort. Alu stel, 7 indvendige Shimano Nexus gear, lukket kædeskærm, bagagebærer, skærme, lås, baglygte, dynamoforlygte, justerbar frempind, X5 dæk 700x35c",10kg,"5,699.00",,
simple,2015-kildemoes-city-retro-7gear-dynamo-dame-config,YKK2775502,2021 Kildemoes City Retro 7 Gear Dynamo,"str, farve",White,55,,"Fuld komfort og styr på tingene. Klassik cykel med indvendige gear, fodbremse og dynamo","City Retro er konstrueret til en opret kørestilling, hvilket kombineret med den tilpassende styrbredde fremmer styreegenskaberne og øger kørekomfort. Alu stel, 7 indvendige Shimano Nexus gear, lukket kædeskærm, bagagebærer, skærme, lås, baglygte, dynamoforlygte, justerbar frempind, X5 dæk 700x35c",10kg,"5,699.00",,
config,,2015-kildemoes-city-colibri-7gear-dynamo-herre-config,2015 Kildemoes City Colibri 7 Gear Dynamo,,,,,"Fuld komfort og styr på tingene. Klassik cykel med indvendige gear, fodbremse/rullebremse og dynamo","City Colibri er konstrueret til en opret kørestilling, hvilket kombineret med den tilpassende styrbredde fremmer styreegenskaberne og øger kørekomfort. Alu stel, 7 indvendige Shimano Nexus gear, fodbremse og rullebremse for, lukket kædeskærm, integreret bagagebærer, skærme, lås, baglygte, dynamoforlygte, justerbar frempind, X5 dæk 700x35c",10kg,"6,499.00",,"HERRE, Citybikes&klassik"
simple,2015-kildemoes-city-colibri-7gear-dynamo-herre-config,YKK8875501,2015 Kildemoes City Colibri 7 Gear Dynamo,"str, farve",Steel Grey Matt,55,,"Fuld komfort og styr på tingene. Klassik cykel med indvendige gear, fodbremse/rullebremse og dynamo","City Colibri er konstrueret til en opret kørestilling, hvilket kombineret med den tilpassende styrbredde fremmer styreegenskaberne og øger kørekomfort. Alu stel, 7 indvendige Shimano Nexus gear, fodbremse og rullebremse for, lukket kædeskærm, integreret bagagebærer, skærme, lås, baglygte, dynamoforlygte, justerbar frempind, X5 dæk 700x35c",10kg,"6,499.00",,
simple,2015-kildemoes-city-colibri-7gear-dynamo-herre-config,YKK8875901,2015 Kildemoes City Colibri 7 Gear Dynamo,"str, farve",Steel Grey Matt,59,,"Fuld komfort og styr på tingene. Klassik cykel med indvendige gear, fodbremse/rullebremse og dynamo","City Colibri er konstrueret til en opret kørestilling, hvilket kombineret med den tilpassende styrbredde fremmer styreegenskaberne og øger kørekomfort. Alu stel, 7 indvendige Shimano Nexus gear, fodbremse og rullebremse for, lukket kædeskærm, integreret bagagebærer, skærme, lås, baglygte, dynamoforlygte, justerbar frempind, X5 dæk 700x35c",10kg,"6,499.00",,
simple,2015-kildemoes-city-colibri-7gear-dynamo-herre-config,YKK8875502,2015 Kildemoes City Colibri 7 Gear Dynamo,"str, farve",Light Army Green,55,,"Fuld komfort og styr på tingene. Klassik cykel med indvendige gear, fodbremse/rullebremse og dynamo","City Colibri er konstrueret til en opret kørestilling, hvilket kombineret med den tilpassende styrbredde fremmer styreegenskaberne og øger kørekomfort. Alu stel, 7 indvendige Shimano Nexus gear, fodbremse og rullebremse for, lukket kædeskærm, integreret bagagebærer, skærme, lås, baglygte, dynamoforlygte, justerbar frempind, X5 dæk 700x35c",10kg,"6,499.00",,
simple,2015-kildemoes-city-colibri-7gear-dynamo-herre-config,YKK8875902,2015 Kildemoes City Colibri 7 Gear Dynamo,"str, farve",Light Army Green,59,,"Fuld komfort og styr på tingene. Klassik cykel med indvendige gear, fodbremse/rullebremse og dynamo","City Colibri er konstrueret til en opret kørestilling, hvilket kombineret med den tilpassende styrbredde fremmer styreegenskaberne og øger kørekomfort. Alu stel, 7 indvendige Shimano Nexus gear, fodbremse og rullebremse for, lukket kædeskærm, integreret bagagebærer, skærme, lås, baglygte, dynamoforlygte, justerbar frempind, X5 dæk 700x35c",10kg,"6,499.00",,
config,,2015-kildemoes-city-colibri-7gear-dynamo-dame-config,2015 Kildemoes City Colibri 7 Gear Dynamo,,,,,"Fuld komfort og styr på tingene. Klassik cykel med indvendige gear, fodbremse/rullebremse og dynamo","City Colibri er konstrueret til en opret kørestilling, hvilket kombineret med den tilpassende styrbredde fremmer styreegenskaberne og øger kørekomfort. Alu stel, 7 indvendige Shimano Nexus gear, fodbremse og rullebremse for, lukket kædeskærm, integreret bagagebærer, skærme, lås, baglygte, dynamoforlygte, justerbar frempind, X5 dæk 700x35c",10kg,"6,499.00",,"DAME, CtiyShopping, Retro & Classic"
simple,2015-kildemoes-city-colibri-7gear-dynamo-dame-config,YKK8974701,2015 Kildemoes City Colibri 7 Gear Dynamo,"str, farve",Steel Grey Matt,47,,"Fuld komfort og styr på tingene. Klassik cykel med indvendige gear, fodbremse/rullebremse og dynamo","City Colibri er konstrueret til en opret kørestilling, hvilket kombineret med den tilpassende styrbredde fremmer styreegenskaberne og øger kørekomfort. Alu stel, 7 indvendige Shimano Nexus gear, fodbremse og rullebremse for, lukket kædeskærm, integreret bagagebærer, skærme, lås, baglygte, dynamoforlygte, justerbar frempind, X5 dæk 700x35c",10kg,"6,499.00",,
simple,2015-kildemoes-city-colibri-7gear-dynamo-dame-config,YKK8975101,2015 Kildemoes City Colibri 7 Gear Dynamo,"str, farve",Steel Grey Matt,51,,"Fuld komfort og styr på tingene. Klassik cykel med indvendige gear, fodbremse/rullebremse og dynamo","City Colibri er konstrueret til en opret kørestilling, hvilket kombineret med den tilpassende styrbredde fremmer styreegenskaberne og øger kørekomfort. Alu stel, 7 indvendige Shimano Nexus gear, fodbremse og rullebremse for, lukket kædeskærm, integreret bagagebærer, skærme, lås, baglygte, dynamoforlygte, justerbar frempind, X5 dæk 700x35c",10kg,"6,499.00",,
simple,2015-kildemoes-city-colibri-7gear-dynamo-dame-config,YKK8974702,2015 Kildemoes City Colibri 7 Gear Dynamo,"str, farve",Light Army Green,47,,"Fuld komfort og styr på tingene. Klassik cykel med indvendige gear, fodbremse/rullebremse og dynamo","City Colibri er konstrueret til en opret kørestilling, hvilket kombineret med den tilpassende styrbredde fremmer styreegenskaberne og øger kørekomfort. Alu stel, 7 indvendige Shimano Nexus gear, fodbremse og rullebremse for, lukket kædeskærm, integreret bagagebærer, skærme, lås, baglygte, dynamoforlygte, justerbar frempind, X5 dæk 700x35c",10kg,"6,499.00",,
simple,2015-kildemoes-city-colibri-7gear-dynamo-dame-config,YKK8975102,2015 Kildemoes City Colibri 7 Gear Dynamo,"str, farve",Light Army Green,51,,"Fuld komfort og styr på tingene. Klassik cykel med indvendige gear, fodbremse/rullebremse og dynamo","City Colibri er konstrueret til en opret kørestilling, hvilket kombineret med den tilpassende styrbredde fremmer styreegenskaberne og øger kørekomfort. Alu stel, 7 indvendige Shimano Nexus gear, fodbremse og rullebremse for, lukket kædeskærm, integreret bagagebærer, skærme, lås, baglygte, dynamoforlygte, justerbar frempind, X5 dæk 700x35c",10kg,"6,499.00",,
